group,lr,setting,wer,ins_rate,del_rate,sub_rate,words,repeat,dataset,split,epochs,path,error
progressive_bottom,9em5,drop-none,0.058125110756689705,0.008222576643629275,0.016090731880205565,0.03381180223285486,28215,1/1,tedlium,test,1,progressive_bottom/tedlium-test-epoch-1-lr-9em5-drop-none_1.pkl,
layer_drop_lr_sweep,9em5,drop-none,0.0581959950381003,0.007903597377281588,0.016799574694311536,0.03349282296650718,28215,1/1,tedlium,test,1,layer_drop_lr_sweep/tedlium-test-epoch-1-lr-9em5-drop-none_1.pkl,
layer_drop_lr_sweep,9em5,drop-subsampling,0.05851497430444799,0.00836434520645047,0.016586921850079744,0.033563707247917775,28215,1/1,tedlium,test,1,layer_drop_lr_sweep/tedlium-test-epoch-1-lr-9em5-drop-subsampling_1.pkl,
layer_drop_lr_sweep,9em5,drop-layer-5,0.05894027999291157,0.008506113769271665,0.016516037568669147,0.03391812865497076,28215,1/1,tedlium,test,1,layer_drop_lr_sweep/tedlium-test-epoch-1-lr-9em5-drop-layer-5_1.pkl,
layer_drop_lr_sweep,9em5,drop-layer-1,0.05901116427432217,0.008541555909976963,0.016799574694311536,0.03367003367003367,28215,1/1,tedlium,test,1,layer_drop_lr_sweep/tedlium-test-epoch-1-lr-9em5-drop-layer-1_1.pkl,
progressive_top,9em5,freeze-subsampling-through-layer-1,0.059046606415027465,0.008506113769271665,0.01690590111642743,0.03363459152932837,28215,1/1,tedlium,test,1,progressive_top/tedlium-test-epoch-1-lr-9em5-freeze-subsampling-through-layer-1_1.pkl,
progressive_bottom,9em5,drop-subsampling-through-layer-0,0.05922381711855396,0.008541555909976963,0.016835016835016835,0.03384724437356016,28215,1/1,tedlium,test,1,progressive_bottom/tedlium-test-epoch-1-lr-9em5-drop-subsampling-through-layer-0_1.pkl,
layer_drop_lr_sweep,9em5,drop-layer-0,0.05925925925925926,0.008222576643629275,0.01690590111642743,0.03413078149920255,28215,1/1,tedlium,test,1,layer_drop_lr_sweep/tedlium-test-epoch-1-lr-9em5-drop-layer-0_1.pkl,
layer_drop_lr_sweep,9em5,drop-layer-3,0.05929470139996456,0.008293460925039872,0.016693248272195642,0.034307992202729044,28215,1/1,tedlium,test,1,layer_drop_lr_sweep/tedlium-test-epoch-1-lr-9em5-drop-layer-3_1.pkl,
progressive_bottom,9em5,drop-subsampling,0.05929470139996456,0.008328903065745172,0.016870458975722133,0.034095339358497255,28215,1/1,tedlium,test,1,progressive_bottom/tedlium-test-epoch-1-lr-9em5-drop-subsampling_1.pkl,
progressive_top,9em5,train-all,0.05929470139996456,0.008683324472798157,0.01648059542796385,0.03413078149920255,28215,1/1,tedlium,test,1,progressive_top/tedlium-test-epoch-1-lr-9em5-train-all_1.pkl,
train_only,9em5,train-all,0.05929470139996456,0.00886053517632465,0.01616161616161616,0.034272550062023746,28215,1/1,tedlium,test,1,train_only/tedlium-test-epoch-1-lr-9em5-train-all_1.pkl,
layer_drop_lr_sweep,9em5,drop-layer-4,0.059365585681375156,0.00836434520645047,0.01697678539783803,0.03402445507708666,28215,1/1,tedlium,test,1,layer_drop_lr_sweep/tedlium-test-epoch-1-lr-9em5-drop-layer-4_1.pkl,
layer_drop_lr_sweep,9em5,drop-ctc-decoder,0.059401027822080454,0.007903597377281588,0.017543859649122806,0.03395357079567606,28215,1/1,tedlium,test,1,layer_drop_lr_sweep/tedlium-test-epoch-1-lr-9em5-drop-ctc-decoder_1.pkl,
progressive_top,9em5,freeze-subsampling,0.05943646996278575,0.008683324472798157,0.01676413255360624,0.03398901293638136,28215,1/1,tedlium,test,1,progressive_top/tedlium-test-epoch-1-lr-9em5-freeze-subsampling_1.pkl,
layer_drop_lr_sweep,9em5,drop-layer-2,0.05947191210349105,0.008754208754208754,0.016799574694311536,0.03391812865497076,28215,1/1,tedlium,test,1,layer_drop_lr_sweep/tedlium-test-epoch-1-lr-9em5-drop-layer-2_1.pkl,
progressive_bottom,9em5,drop-subsampling-through-layer-1,0.05950735424419635,0.008754208754208754,0.016799574694311536,0.03395357079567606,28215,1/1,tedlium,test,1,progressive_bottom/tedlium-test-epoch-1-lr-9em5-drop-subsampling-through-layer-1_1.pkl,
progressive_top,9em5,freeze-subsampling-through-layer-0,0.059613680666312244,0.008258018784334574,0.016835016835016835,0.034520645046960834,28215,1/1,tedlium,test,1,progressive_top/tedlium-test-epoch-1-lr-9em5-freeze-subsampling-through-layer-0_1.pkl,
progressive_top,9em5,freeze-subsampling-through-layer-2,0.06003898635477583,0.00910863016126174,0.016303384724437354,0.034626971469076735,28215,1/1,tedlium,test,1,progressive_top/tedlium-test-epoch-1-lr-9em5-freeze-subsampling-through-layer-2_1.pkl,
progressive_bottom,9em5,drop-subsampling-through-layer-2,0.06018075491759702,0.008825093035619352,0.01619705830232146,0.03515860357965621,28215,1/1,tedlium,test,1,progressive_bottom/tedlium-test-epoch-1-lr-9em5-drop-subsampling-through-layer-2_1.pkl,
layer_type,9em5,train-convolution-only,0.060322523480418215,0.00786815523657629,0.01789828105617579,0.03455608718766613,28215,1/1,tedlium,test,1,layer_type/tedlium-test-epoch-1-lr-9em5-train-convolution-only_1.pkl,
progressive_top,9em5,freeze-subsampling-through-layer-3,0.06057061846535531,0.009037745879851143,0.016338826865142656,0.03519404572036151,28215,1/1,tedlium,test,1,progressive_top/tedlium-test-epoch-1-lr-9em5-freeze-subsampling-through-layer-3_1.pkl,
progressive_top,9em5,freeze-subsampling-through-layer-4,0.060676944887471204,0.009569377990430622,0.01591352117667907,0.03519404572036151,28215,1/1,tedlium,test,1,progressive_top/tedlium-test-epoch-1-lr-9em5-freeze-subsampling-through-layer-4_1.pkl,
progressive_bottom,9em5,drop-subsampling-through-layer-3,0.0607123870281765,0.009179514442672338,0.016126174020910863,0.0354066985645933,28215,1/1,tedlium,test,1,progressive_bottom/tedlium-test-epoch-1-lr-9em5-drop-subsampling-through-layer-3_1.pkl,
progressive_bottom,9em5,drop-subsampling-through-layer-4,0.061208576998050684,0.009533935849725323,0.016338826865142656,0.03533581428318271,28215,1/1,tedlium,test,1,progressive_bottom/tedlium-test-epoch-1-lr-9em5-drop-subsampling-through-layer-4_1.pkl,
layer_type,9em5,train-feed-forward-only,0.06124401913875598,0.007690944533049796,0.018607123870281767,0.03494595073542442,28215,1/1,tedlium,test,1,layer_type/tedlium-test-epoch-1-lr-9em5-train-feed-forward-only_1.pkl,
train_only,9em5,train-layer-5-only,0.06135034556087188,0.007903597377281588,0.017862838915470493,0.035583909268119794,28215,1/1,tedlium,test,1,train_only/tedlium-test-epoch-1-lr-9em5-train-layer-5-only_1.pkl,
train_only,9em5,train-layer-1-only,0.061421229842282474,0.0075491759702286014,0.01903242955874535,0.034839624313308525,28215,1/1,tedlium,test,1,train_only/tedlium-test-epoch-1-lr-9em5-train-layer-1-only_1.pkl,
layer_type,9em5,train-attention-only,0.06152755626439837,0.007655502392344498,0.018678008151692363,0.03519404572036151,28215,1/1,tedlium,test,1,layer_type/tedlium-test-epoch-1-lr-9em5-train-attention-only_1.pkl,
train_only,9em5,train-layer-2-only,0.06152755626439837,0.007726386673755095,0.018855218855218854,0.03494595073542442,28215,1/1,tedlium,test,1,train_only/tedlium-test-epoch-1-lr-9em5-train-layer-2-only_1.pkl,
train_only,9em5,train-layer-3-only,0.061598440545808965,0.007690944533049796,0.01917419812156654,0.03473329789119263,28215,1/1,tedlium,test,1,train_only/tedlium-test-epoch-1-lr-9em5-train-layer-3-only_1.pkl,
train_only,9em5,train-layer-4-only,0.061598440545808965,0.008009923799397484,0.019103313840155945,0.034485202906255535,28215,1/1,tedlium,test,1,train_only/tedlium-test-epoch-1-lr-9em5-train-layer-4-only_1.pkl,
train_only,9em5,train-layer-0-only,0.06205918837497785,0.007301080985291511,0.019422293106503632,0.03533581428318271,28215,1/1,tedlium,test,1,train_only/tedlium-test-epoch-1-lr-9em5-train-layer-0-only_1.pkl,
train_only,9em5,train-subsampling-only,0.06333510544036859,0.007974481658692184,0.019953925217083113,0.0354066985645933,28215,1/1,tedlium,test,1,train_only/tedlium-test-epoch-1-lr-9em5-train-subsampling-only_1.pkl,
train_only,9em5,train-ctc-decoder-only,0.06620591883749778,0.01492114123693071,0.013574339890129364,0.03771043771043771,28215,1/1,tedlium,test,1,train_only/tedlium-test-epoch-1-lr-9em5-train-ctc-decoder-only_1.pkl,
progressive_top,9em5,freeze-subsampling-through-layer-5,0.06652489810384547,0.015169236221867801,0.013290802764486975,0.0380648591174907,28215,1/1,tedlium,test,1,progressive_top/tedlium-test-epoch-1-lr-9em5-freeze-subsampling-through-layer-5_1.pkl,
progressive_bottom,9em5,drop-subsampling-through-layer-5,0.06790714159135212,0.016303384724437354,0.013042707779549885,0.03856104908736488,28215,1/1,tedlium,test,1,progressive_bottom/tedlium-test-epoch-1-lr-9em5-drop-subsampling-through-layer-5_1.pkl,
train_only,9em5,train-all,0.15752711230929478,0.02475338520923963,0.03651737025917529,0.09625635684087985,48963,1/1,earnings22,test,1,train_only/earnings22-test-epoch-1-lr-9em5-train-all_1.pkl,
progressive_bottom,9em5,drop-none,0.15789473684210525,0.024344913506116863,0.03674202969589282,0.09680779364009558,48963,1/1,earnings22,test,1,progressive_bottom/earnings22-test-epoch-1-lr-9em5-drop-none_1.pkl,
progressive_bottom,9em5,drop-subsampling,0.1581193962788228,0.025304822008455363,0.036149745726364806,0.09666482854400262,48963,1/1,earnings22,test,1,progressive_bottom/earnings22-test-epoch-1-lr-9em5-drop-subsampling_1.pkl,
layer_drop_lr_sweep,9em5,drop-layer-2,0.15879337458897536,0.023875171047525682,0.03802871556072953,0.09688948798072014,48963,1/1,earnings22,test,1,layer_drop_lr_sweep/earnings22-test-epoch-1-lr-9em5-drop-layer-2_1.pkl,
progressive_bottom,9em5,drop-subsampling-through-layer-0,0.15883422175928763,0.02583583522251496,0.03608847497089639,0.09690991156587628,48963,1/1,earnings22,test,1,progressive_bottom/earnings22-test-epoch-1-lr-9em5-drop-subsampling-through-layer-0_1.pkl,
layer_drop_lr_sweep,9em5,drop-subsampling,0.15885464534444377,0.02595837673345179,0.03653779384433144,0.09635847476666054,48963,1/1,earnings22,test,1,layer_drop_lr_sweep/earnings22-test-epoch-1-lr-9em5-drop-subsampling_1.pkl,
layer_drop_lr_sweep,9em5,drop-layer-3,0.1588750689295999,0.025917529563139512,0.03596593345995956,0.09699160590650083,48963,1/1,earnings22,test,1,layer_drop_lr_sweep/earnings22-test-epoch-1-lr-9em5-drop-layer-3_1.pkl,
layer_drop_lr_sweep,9em5,drop-layer-5,0.15909972836631742,0.02606049465923248,0.03490390703184037,0.09813532667524458,48963,1/1,earnings22,test,1,layer_drop_lr_sweep/earnings22-test-epoch-1-lr-9em5-drop-layer-5_1.pkl,
progressive_top,9em5,train-all,0.15922226987725424,0.024814655964708044,0.037109654228703305,0.0972979596838429,48963,1/1,earnings22,test,1,progressive_top/earnings22-test-epoch-1-lr-9em5-train-all_1.pkl,
layer_drop_lr_sweep,9em5,drop-layer-4,0.1593448113881911,0.024467455017053694,0.03780405612401201,0.09707330024712538,48963,1/1,earnings22,test,1,layer_drop_lr_sweep/earnings22-test-epoch-1-lr-9em5-drop-layer-4_1.pkl,
layer_drop_lr_sweep,9em5,drop-none,0.15961031799522088,0.02448787860220983,0.038600575945101405,0.09652186344790964,48963,1/1,earnings22,test,1,layer_drop_lr_sweep/earnings22-test-epoch-1-lr-9em5-drop-none_1.pkl,
progressive_top,9em5,freeze-subsampling-through-layer-0,0.1597328595061577,0.025304822008455363,0.03604762780058411,0.09838040969711823,48963,1/1,earnings22,test,1,progressive_top/earnings22-test-epoch-1-lr-9em5-freeze-subsampling-through-layer-0_1.pkl,
progressive_top,9em5,freeze-subsampling,0.15989624818740683,0.02497804464595715,0.037109654228703305,0.09780854931274637,48963,1/1,earnings22,test,1,progressive_top/earnings22-test-epoch-1-lr-9em5-freeze-subsampling_1.pkl,
layer_type,9em4,train-convolution-only,0.1601004840389682,0.023609664440495885,0.038253374997447055,0.09823744460102526,48963,1/1,earnings22,test,1,layer_type/earnings22-test-epoch-1-lr-9em4-train-convolution-only_1.pkl,
layer_drop_lr_sweep,9em5,drop-layer-0,0.1602026019647489,0.023568817270183607,0.03931540142556624,0.09731838326899904,48963,1/1,earnings22,test,1,layer_drop_lr_sweep/earnings22-test-epoch-1-lr-9em5-drop-layer-0_1.pkl,
layer_drop_lr_sweep,9em5,drop-layer-1,0.1602638727202173,0.02569287012642199,0.037232195739640137,0.09733880685415518,48963,1/1,earnings22,test,1,layer_drop_lr_sweep/earnings22-test-epoch-1-lr-9em5-drop-layer-1_1.pkl,
progressive_top,9em5,freeze-subsampling-through-layer-1,0.1611216632967751,0.025937953148295653,0.03674202969589282,0.09844168045258665,48963,1/1,earnings22,test,1,progressive_top/earnings22-test-epoch-1-lr-9em5-freeze-subsampling-through-layer-1_1.pkl,
layer_drop_lr_sweep,9em5,drop-ctc-decoder,0.16114208688193127,0.022874415374874904,0.03931540142556624,0.0989522700814901,48963,1/1,earnings22,test,1,layer_drop_lr_sweep/earnings22-test-epoch-1-lr-9em5-drop-ctc-decoder_1.pkl,
layer_type,9em4,train-feed-forward-only,0.16153013499989788,0.019974266282703265,0.04423748544819558,0.09731838326899904,48963,1/1,earnings22,test,1,layer_type/earnings22-test-epoch-1-lr-9em4-train-feed-forward-only_1.pkl,
progressive_bottom,9em5,drop-subsampling-through-layer-1,0.1627147029389539,0.02522312766783081,0.03768151461307518,0.09981006065804791,48963,1/1,earnings22,test,1,progressive_bottom/earnings22-test-epoch-1-lr-9em5-drop-subsampling-through-layer-1_1.pkl,
progressive_top,9em5,freeze-subsampling-through-layer-2,0.16445070767722567,0.025509057860016747,0.03739558442088924,0.10154606539631968,48963,1/1,earnings22,test,1,progressive_top/earnings22-test-epoch-1-lr-9em5-freeze-subsampling-through-layer-2_1.pkl,
layer_type,9em5,train-feed-forward-only,0.16485917938034841,0.023282887077997673,0.040520392949778404,0.10105589935257235,48963,1/1,earnings22,test,1,layer_type/earnings22-test-epoch-1-lr-9em5-train-feed-forward-only_1.pkl,
train_only,9em6,train-all,0.16571696995690624,0.02644854277719911,0.036496946674019155,0.10277148050568796,48963,1/1,earnings22,test,1,train_only/earnings22-test-epoch-1-lr-9em6-train-all_1.pkl,
progressive_bottom,9em5,drop-subsampling-through-layer-2,0.16583951146784306,0.026877438065478015,0.03631313440761391,0.10264893899475114,48963,1/1,earnings22,test,1,progressive_bottom/earnings22-test-epoch-1-lr-9em5-drop-subsampling-through-layer-2_1.pkl,
progressive_bottom,9em6,drop-none,0.16667687845924473,0.026754896554541184,0.03670118252558054,0.10322079937912301,48963,1/1,earnings22,test,1,progressive_bottom/earnings22-test-epoch-1-lr-9em6-drop-none_1.pkl,
progressive_top,9em6,train-all,0.166717725629557,0.026509813532667525,0.036762453281048955,0.10344545881584054,48963,1/1,earnings22,test,1,progressive_top/earnings22-test-epoch-1-lr-9em6-train-all_1.pkl,
progressive_top,9em6,freeze-subsampling,0.16688111431080613,0.026223883340481587,0.03651737025917529,0.10413986071114924,48963,1/1,earnings22,test,1,progressive_top/earnings22-test-epoch-1-lr-9em6-freeze-subsampling_1.pkl,
layer_drop_lr_sweep,9em4,drop-subsampling,0.16694238506627454,0.027081673917039396,0.03719134856932786,0.10266936257990728,48963,1/1,earnings22,test,1,layer_drop_lr_sweep/earnings22-test-epoch-1-lr-9em4-drop-subsampling_1.pkl,
layer_type,9em4,train-attention-only,0.1670240794068991,0.02316034556706084,0.041398607111492354,0.10246512672834589,48963,1/1,earnings22,test,1,layer_type/earnings22-test-epoch-1-lr-9em4-train-attention-only_1.pkl,
layer_drop_lr_sweep,9em6,drop-subsampling,0.16716704450299205,0.02677532013969732,0.03617016931152094,0.10422155505177379,48963,1/1,earnings22,test,1,layer_drop_lr_sweep/earnings22-test-epoch-1-lr-9em6-drop-subsampling_1.pkl,
layer_drop_lr_sweep,9em6,drop-layer-3,0.16739170393970956,0.027142944672507812,0.03590466270449115,0.10434409656271061,48963,1/1,earnings22,test,1,layer_drop_lr_sweep/earnings22-test-epoch-1-lr-9em6-drop-layer-3_1.pkl,
layer_drop_lr_sweep,9em6,drop-none,0.16739170393970956,0.026897861650634153,0.03727304290995241,0.10322079937912301,48963,1/1,earnings22,test,1,layer_drop_lr_sweep/earnings22-test-epoch-1-lr-9em6-drop-none_1.pkl,
layer_drop_lr_sweep,9em6,drop-layer-0,0.167452974695178,0.026795743724853462,0.03672160611073668,0.10393562485958785,48963,1/1,earnings22,test,1,layer_drop_lr_sweep/earnings22-test-epoch-1-lr-9em6-drop-layer-0_1.pkl,
layer_drop_lr_sweep,9em6,drop-layer-2,0.16751424545064642,0.02671404938422891,0.03666033535526826,0.10413986071114924,48963,1/1,earnings22,test,1,layer_drop_lr_sweep/earnings22-test-epoch-1-lr-9em6-drop-layer-2_1.pkl,
layer_drop_lr_sweep,9em6,drop-layer-1,0.16759593979127096,0.027245062598288503,0.03633355799277005,0.1040173192002124,48963,1/1,earnings22,test,1,layer_drop_lr_sweep/earnings22-test-epoch-1-lr-9em6-drop-layer-1_1.pkl,
progressive_top,9em6,freeze-subsampling-through-layer-0,0.16775932847252006,0.026611931458448215,0.03623144006698936,0.10491595694708249,48963,1/1,earnings22,test,1,progressive_top/earnings22-test-epoch-1-lr-9em6-freeze-subsampling-through-layer-0_1.pkl,
progressive_bottom,9em6,drop-subsampling,0.16826991810142353,0.027857770152972652,0.03600678063027184,0.10440536731817904,48963,1/1,earnings22,test,1,progressive_bottom/earnings22-test-epoch-1-lr-9em6-drop-subsampling_1.pkl,
progressive_bottom,9em6,drop-subsampling-through-layer-0,0.16829034168657966,0.027980311663909484,0.036068051385740256,0.10424197863692992,48963,1/1,earnings22,test,1,progressive_bottom/earnings22-test-epoch-1-lr-9em6-drop-subsampling-through-layer-0_1.pkl,
layer_drop_lr_sweep,9em6,drop-layer-5,0.16845373036782876,0.02838878336703225,0.035414496660743824,0.10465045034005269,48963,1/1,earnings22,test,1,layer_drop_lr_sweep/earnings22-test-epoch-1-lr-9em6-drop-layer-5_1.pkl,
progressive_top,9em5,freeze-subsampling-through-layer-3,0.16845373036782876,0.027980311663909484,0.036027204215427974,0.10444621448849131,48963,1/1,earnings22,test,1,progressive_top/earnings22-test-epoch-1-lr-9em5-freeze-subsampling-through-layer-3_1.pkl,
layer_drop_lr_sweep,9em6,drop-ctc-decoder,0.16861711904907786,0.025202704082674672,0.03896820047791189,0.10444621448849131,48963,1/1,earnings22,test,1,layer_drop_lr_sweep/earnings22-test-epoch-1-lr-9em6-drop-ctc-decoder_1.pkl,
layer_drop_lr_sweep,9em4,drop-layer-5,0.16865796621939017,0.026857014480321875,0.037783632538855874,0.1040173192002124,48963,1/1,earnings22,test,1,layer_drop_lr_sweep/earnings22-test-epoch-1-lr-9em4-drop-layer-5_1.pkl,
progressive_bottom,9em5,drop-subsampling-through-layer-3,0.16865796621939017,0.027959888078753343,0.03639482874823847,0.10430324939239834,48963,1/1,earnings22,test,1,progressive_bottom/earnings22-test-epoch-1-lr-9em5-drop-subsampling-through-layer-3_1.pkl,
layer_type,9em5,train-convolution-only,0.16869881338970244,0.025570328615485163,0.039213283499785555,0.10391520127443171,48963,1/1,earnings22,test,1,layer_type/earnings22-test-epoch-1-lr-9em5-train-convolution-only_1.pkl,
progressive_bottom,9em4,drop-subsampling-through-layer-3,0.16886220207095154,0.026489389947511387,0.039213283499785555,0.1031595286236546,48963,1/1,earnings22,test,1,progressive_bottom/earnings22-test-epoch-1-lr-9em4-drop-subsampling-through-layer-3_1.pkl,
layer_drop_lr_sweep,9em6,drop-layer-4,0.16904601433735678,0.027694381471723546,0.03633355799277005,0.10501807487286319,48963,1/1,earnings22,test,1,layer_drop_lr_sweep/earnings22-test-epoch-1-lr-9em6-drop-layer-4_1.pkl,
progressive_bottom,9em4,drop-subsampling-through-layer-4,0.16925025018891815,0.03008394093499173,0.03429119947715622,0.10487510977677021,48963,1/1,earnings22,test,1,progressive_bottom/earnings22-test-epoch-1-lr-9em4-drop-subsampling-through-layer-4_1.pkl,
progressive_bottom,9em4,drop-subsampling-through-layer-1,0.1696382983068848,0.02642811919204297,0.038457610849008436,0.10475256826583339,48963,1/1,earnings22,test,1,progressive_bottom/earnings22-test-epoch-1-lr-9em4-drop-subsampling-through-layer-1_1.pkl,
train_only,9em4,train-layer-4-only,0.1696382983068848,0.023385005003778363,0.04074505238649592,0.1055082409166105,48963,1/1,earnings22,test,1,train_only/earnings22-test-epoch-1-lr-9em4-train-layer-4-only_1.pkl,
progressive_top,9em6,freeze-subsampling-through-layer-1,0.16982211057329002,0.028838102240467293,0.03535322590527541,0.10563078242754734,48963,1/1,earnings22,test,1,progressive_top/earnings22-test-epoch-1-lr-9em6-freeze-subsampling-through-layer-1_1.pkl,
progressive_bottom,9em4,drop-subsampling-through-layer-0,0.16994465208422688,0.029532504135775996,0.03619059289667708,0.10422155505177379,48963,1/1,earnings22,test,1,progressive_bottom/earnings22-test-epoch-1-lr-9em4-drop-subsampling-through-layer-0_1.pkl,
layer_drop_lr_sweep,9em4,drop-layer-3,0.17004677001000756,0.02595837673345179,0.03962175520290832,0.10446663807364745,48963,1/1,earnings22,test,1,layer_drop_lr_sweep/earnings22-test-epoch-1-lr-9em4-drop-layer-3_1.pkl,
progressive_bottom,9em4,drop-subsampling-through-layer-2,0.17004677001000756,0.02910360884749709,0.03631313440761391,0.10463002675489655,48963,1/1,earnings22,test,1,progressive_bottom/earnings22-test-epoch-1-lr-9em4-drop-subsampling-through-layer-2_1.pkl,
progressive_bottom,9em6,drop-subsampling-through-layer-1,0.17008761718031984,0.028919796581091846,0.0350264485427772,0.10614137205645079,48963,1/1,earnings22,test,1,progressive_bottom/earnings22-test-epoch-1-lr-9em6-drop-subsampling-through-layer-1_1.pkl,
progressive_top,9em4,freeze-subsampling-through-layer-1,0.17010804076547598,0.02677532013969732,0.038682270285725955,0.10465045034005269,48963,1/1,earnings22,test,1,progressive_top/earnings22-test-epoch-1-lr-9em4-freeze-subsampling-through-layer-1_1.pkl,
layer_type,9em5,train-attention-only,0.17035312378734963,0.02412025406939934,0.040867593897432754,0.10536527582051754,48963,1/1,earnings22,test,1,layer_type/earnings22-test-epoch-1-lr-9em5-train-attention-only_1.pkl,
train_only,9em4,train-layer-3-only,0.1704552417131303,0.024957621060801013,0.038743541041194374,0.10675407961113494,48963,1/1,earnings22,test,1,train_only/earnings22-test-epoch-1-lr-9em4-train-layer-3-only_1.pkl,
progressive_bottom,9em5,drop-subsampling-through-layer-4,0.17133345587484428,0.030104364520147867,0.03453628249902988,0.10669280885566652,48963,1/1,earnings22,test,1,progressive_bottom/earnings22-test-epoch-1-lr-9em5-drop-subsampling-through-layer-4_1.pkl,
progressive_top,9em4,freeze-subsampling-through-layer-3,0.1713538794600004,0.029266997528746196,0.03643567591855074,0.10565120601270347,48963,1/1,earnings22,test,1,progressive_top/earnings22-test-epoch-1-lr-9em4-freeze-subsampling-through-layer-3_1.pkl,
progressive_top,9em4,freeze-subsampling-through-layer-2,0.17141515021546883,0.026836590895165737,0.04023446275759247,0.10434409656271061,48963,1/1,earnings22,test,1,progressive_top/earnings22-test-epoch-1-lr-9em4-freeze-subsampling-through-layer-2_1.pkl,
progressive_top,9em4,freeze-subsampling-through-layer-4,0.17143557380062496,0.029777587157649655,0.03610889855605253,0.10554908808692277,48963,1/1,earnings22,test,1,progressive_top/earnings22-test-epoch-1-lr-9em4-freeze-subsampling-through-layer-4_1.pkl,
progressive_top,9em4,freeze-subsampling-through-layer-0,0.1715172681412495,0.02824581827093928,0.03749770234666994,0.1057737475236403,48963,1/1,earnings22,test,1,progressive_top/earnings22-test-epoch-1-lr-9em4-freeze-subsampling-through-layer-0_1.pkl,
progressive_top,9em4,freeze-subsampling,0.17153769172640565,0.02634642485141842,0.03947879010681535,0.10571247676817189,48963,1/1,earnings22,test,1,progressive_top/earnings22-test-epoch-1-lr-9em4-freeze-subsampling_1.pkl,
train_only,9em4,train-all,0.17190531625921615,0.02728590976860078,0.03653779384433144,0.10808161264628392,48963,1/1,earnings22,test,1,train_only/earnings22-test-epoch-1-lr-9em4-train-all_1.pkl,
layer_drop_lr_sweep,9em4,drop-layer-4,0.1719257398443723,0.02512100974205012,0.041194371259930966,0.1056103588423912,48963,1/1,earnings22,test,1,layer_drop_lr_sweep/earnings22-test-epoch-1-lr-9em4-drop-layer-4_1.pkl,
train_only,9em4,train-layer-5-only,0.1719870105998407,0.025039315401425566,0.039825991054469705,0.10712170414394542,48963,1/1,earnings22,test,1,train_only/earnings22-test-epoch-1-lr-9em4-train-layer-5-only_1.pkl,
progressive_bottom,9em4,drop-subsampling,0.17229336437718276,0.028695137144374324,0.037640667442762905,0.10595755979004555,48963,1/1,earnings22,test,1,progressive_bottom/earnings22-test-epoch-1-lr-9em4-drop-subsampling_1.pkl,
progressive_top,9em5,freeze-subsampling-through-layer-4,0.17239548230296345,0.03053325980842677,0.03420950513653167,0.10765271735800502,48963,1/1,earnings22,test,1,progressive_top/earnings22-test-epoch-1-lr-9em5-freeze-subsampling-through-layer-4_1.pkl,
progressive_top,9em6,freeze-subsampling-through-layer-2,0.1731511549537406,0.03043114188264608,0.03474051835059126,0.10797949472050324,48963,1/1,earnings22,test,1,progressive_top/earnings22-test-epoch-1-lr-9em6-freeze-subsampling-through-layer-2_1.pkl,
progressive_bottom,9em6,drop-subsampling-through-layer-2,0.1734370851459265,0.030860037170924986,0.03447501174356146,0.10810203623144006,48963,1/1,earnings22,test,1,progressive_bottom/earnings22-test-epoch-1-lr-9em6-drop-subsampling-through-layer-2_1.pkl,
layer_drop_lr_sweep,9em4,drop-layer-1,0.17386598043420542,0.02753099279047444,0.040295733513060886,0.1060392541306701,48963,1/1,earnings22,test,1,layer_drop_lr_sweep/earnings22-test-epoch-1-lr-9em4-drop-layer-1_1.pkl,
train_only,9em4,train-layer-2-only,0.1740702162857668,0.026285154095950003,0.03919285991462942,0.10859220227518739,48963,1/1,earnings22,test,1,train_only/earnings22-test-epoch-1-lr-9em4-train-layer-2-only_1.pkl,
layer_type,9em6,train-feed-forward-only,0.174539958744358,0.02620345975532545,0.03947879010681535,0.10885770888221719,48963,1/1,earnings22,test,1,layer_type/earnings22-test-epoch-1-lr-9em6-train-feed-forward-only_1.pkl,
train_only,9em5,train-layer-4-only,0.1746012294998264,0.025509057860016747,0.03984641463962584,0.10924575700018381,48963,1/1,earnings22,test,1,train_only/earnings22-test-epoch-1-lr-9em5-train-layer-4-only_1.pkl,
train_only,9em5,train-layer-2-only,0.1749688540326369,0.02487592672017646,0.0413169127708678,0.10877601454159264,48963,1/1,earnings22,test,1,train_only/earnings22-test-epoch-1-lr-9em5-train-layer-2-only_1.pkl,
train_only,9em5,train-layer-3-only,0.17515266629904214,0.025182280497518535,0.041112676919306416,0.10885770888221719,48963,1/1,earnings22,test,1,train_only/earnings22-test-epoch-1-lr-9em5-train-layer-3-only_1.pkl,
progressive_bottom,9em6,drop-subsampling-through-layer-3,0.17574495026857015,0.031023425852174092,0.034311623062312356,0.1104099013540837,48963,1/1,earnings22,test,1,progressive_bottom/earnings22-test-epoch-1-lr-9em6-drop-subsampling-through-layer-3_1.pkl,
layer_drop_lr_sweep,9em4,drop-layer-2,0.17580622102403856,0.023466699344402916,0.04250148070992382,0.10983804096971182,48963,1/1,earnings22,test,1,layer_drop_lr_sweep/earnings22-test-epoch-1-lr-9em4-drop-layer-2_1.pkl,
train_only,9em5,train-layer-5-only,0.1758266446091947,0.025876682392827238,0.039417519351346936,0.11053244286502052,48963,1/1,earnings22,test,1,train_only/earnings22-test-epoch-1-lr-9em5-train-layer-5-only_1.pkl,
layer_type,9em6,train-attention-only,0.17637808140841044,0.02473296162408349,0.04278741090210975,0.10885770888221719,48963,1/1,earnings22,test,1,layer_type/earnings22-test-epoch-1-lr-9em6-train-attention-only_1.pkl,
layer_type,9em6,train-convolution-only,0.17637808140841044,0.026897861650634153,0.03960133161775218,0.1098788881400241,48963,1/1,earnings22,test,1,layer_type/earnings22-test-epoch-1-lr-9em6-train-convolution-only_1.pkl,
train_only,9em4,train-layer-0-only,0.17654147008965954,0.02448787860220983,0.04203173825133264,0.11002185323611707,48963,1/1,earnings22,test,1,train_only/earnings22-test-epoch-1-lr-9em4-train-layer-0-only_1.pkl,
progressive_top,9em6,freeze-subsampling-through-layer-3,0.1765823172599718,0.03190164001388804,0.034597553254498294,0.11008312399158549,48963,1/1,earnings22,test,1,progressive_top/earnings22-test-epoch-1-lr-9em6-freeze-subsampling-through-layer-3_1.pkl,
layer_drop_lr_sweep,9em4,drop-ctc-decoder,0.17664358801544022,0.025611175785797437,0.044339603373976265,0.10669280885566652,48963,1/1,earnings22,test,1,layer_drop_lr_sweep/earnings22-test-epoch-1-lr-9em4-drop-ctc-decoder_1.pkl,
train_only,9em5,train-layer-1-only,0.17680697669668935,0.024304066335804588,0.042909952413046584,0.10959295794783816,48963,1/1,earnings22,test,1,train_only/earnings22-test-epoch-1-lr-9em5-train-layer-1-only_1.pkl,
train_only,9em4,train-layer-1-only,0.17766476727324715,0.025141433327206256,0.04184792598492739,0.1106754079611135,48963,1/1,earnings22,test,1,train_only/earnings22-test-epoch-1-lr-9em4-train-layer-1-only_1.pkl,
layer_drop_lr_sweep,9em4,drop-layer-0,0.17786900312480852,0.02767395788656741,0.039152012744317136,0.11104303249392398,48963,1/1,earnings22,test,1,layer_drop_lr_sweep/earnings22-test-epoch-1-lr-9em4-drop-layer-0_1.pkl,
train_only,9em6,train-layer-3-only,0.17815493331699447,0.024610420113146663,0.04444172129975696,0.10910279190409085,48963,1/1,earnings22,test,1,train_only/earnings22-test-epoch-1-lr-9em6-train-layer-3-only_1.pkl,
progressive_bottom,9em4,drop-none,0.17854298143496108,0.029920552253742624,0.03753854951698221,0.11108387966423626,48963,1/1,earnings22,test,1,progressive_bottom/earnings22-test-epoch-1-lr-9em4-drop-none_1.pkl,
train_only,9em5,train-layer-0-only,0.1788697587974593,0.024447031431897557,0.0441966382778833,0.11022608908767845,48963,1/1,earnings22,test,1,train_only/earnings22-test-epoch-1-lr-9em5-train-layer-0-only_1.pkl,
train_only,9em6,train-layer-2-only,0.17905357106386455,0.02452872577252211,0.044605109981006065,0.10991973531033637,48963,1/1,earnings22,test,1,train_only/earnings22-test-epoch-1-lr-9em6-train-layer-2-only_1.pkl,
progressive_top,9em6,freeze-subsampling-through-layer-4,0.1791352654044891,0.03394399852950187,0.032330535302166945,0.1128607315728203,48963,1/1,earnings22,test,1,progressive_top/earnings22-test-epoch-1-lr-9em6-freeze-subsampling-through-layer-4_1.pkl,
train_only,9em6,train-layer-4-only,0.17915568898964523,0.024589996527990522,0.044462144884913096,0.11010354757674162,48963,1/1,earnings22,test,1,train_only/earnings22-test-epoch-1-lr-9em6-train-layer-4-only_1.pkl,
train_only,9em4,train-ctc-decoder-only,0.17974797295917325,0.041194371259930966,0.02824581827093928,0.11030778342830301,48963,1/1,earnings22,test,1,train_only/earnings22-test-epoch-1-lr-9em4-train-ctc-decoder-only_1.pkl,
progressive_bottom,9em6,drop-subsampling-through-layer-4,0.1798909380552662,0.03404611645528256,0.032269264546698526,0.11357555705328513,48963,1/1,earnings22,test,1,progressive_bottom/earnings22-test-epoch-1-lr-9em6-drop-subsampling-through-layer-4_1.pkl,
train_only,9em6,train-layer-5-only,0.1800339031513592,0.02824581827093928,0.038457610849008436,0.11333047403141147,48963,1/1,earnings22,test,1,train_only/earnings22-test-epoch-1-lr-9em6-train-layer-5-only_1.pkl,
progressive_top,9em4,freeze-subsampling-through-layer-5,0.18005432673651534,0.04070420521618365,0.02920572677327778,0.1101443947470539,48963,1/1,earnings22,test,1,progressive_top/earnings22-test-epoch-1-lr-9em4-freeze-subsampling-through-layer-5_1.pkl,
train_only,9em6,train-layer-0-only,0.18058533995057494,0.02379347670690113,0.04697424585911811,0.10981761738455569,48963,1/1,earnings22,test,1,train_only/earnings22-test-epoch-1-lr-9em6-train-layer-0-only_1.pkl,
train_only,9em6,train-layer-1-only,0.18085084655760472,0.024467455017053694,0.04576925433490595,0.11061413720564509,48963,1/1,earnings22,test,1,train_only/earnings22-test-epoch-1-lr-9em6-train-layer-1-only_1.pkl,
progressive_bottom,9em4,drop-subsampling-through-layer-5,0.18223965034822212,0.04327757694585708,0.02787819373812879,0.11108387966423626,48963,1/1,earnings22,test,1,progressive_bottom/earnings22-test-epoch-1-lr-9em4-drop-subsampling-through-layer-5_1.pkl,
train_only,9em6,train-subsampling-only,0.1831791352654045,0.023936441802994098,0.04791373077630047,0.11132896268610992,48963,1/1,earnings22,test,1,train_only/earnings22-test-epoch-1-lr-9em6-train-subsampling-only_1.pkl,
train_only,9em5,train-subsampling-only,0.18540530604742356,0.025080162571737844,0.044891040173192,0.11543410330249372,48963,1/1,earnings22,test,1,train_only/earnings22-test-epoch-1-lr-9em5-train-subsampling-only_1.pkl,
train_only,9em4,train-subsampling-only,0.18922451647162142,0.025509057860016747,0.04503400526928497,0.1186814533423197,48963,1/1,earnings22,test,1,train_only/earnings22-test-epoch-1-lr-9em4-train-subsampling-only_1.pkl,
progressive_bottom,9em5,drop-subsampling-through-layer-5,0.1936360108653473,0.051692094030186056,0.023875171047525682,0.11806874578763556,48963,1/1,earnings22,test,1,progressive_bottom/earnings22-test-epoch-1-lr-9em5-drop-subsampling-through-layer-5_1.pkl,
progressive_top,9em5,freeze-subsampling-through-layer-5,0.19457549578252967,0.051978024222371993,0.024079406899087066,0.11851806466107061,48963,1/1,earnings22,test,1,progressive_top/earnings22-test-epoch-1-lr-9em5-freeze-subsampling-through-layer-5_1.pkl,
train_only,9em5,train-ctc-decoder-only,0.19639319486142598,0.05381614688642444,0.023609664440495885,0.11896738353450564,48963,1/1,earnings22,test,1,train_only/earnings22-test-epoch-1-lr-9em5-train-ctc-decoder-only_1.pkl,
train_only,9em6,train-ctc-decoder-only,0.20938259502072995,0.06139329697935175,0.021791965361599577,0.12619733267977862,48963,1/1,earnings22,test,1,train_only/earnings22-test-epoch-1-lr-9em6-train-ctc-decoder-only_1.pkl,
progressive_bottom,9em6,drop-subsampling-through-layer-5,0.20989318464963339,0.061577109245757,0.021771541776443436,0.12654453362743295,48963,1/1,earnings22,test,1,progressive_bottom/earnings22-test-epoch-1-lr-9em6-drop-subsampling-through-layer-5_1.pkl,
progressive_top,9em6,freeze-subsampling-through-layer-5,0.21001572616057024,0.061515838490288584,0.02173069460613116,0.1267691930641505,48963,1/1,earnings22,test,1,progressive_top/earnings22-test-epoch-1-lr-9em6-freeze-subsampling-through-layer-5_1.pkl,
progressive_top,9em4,train-all,0.325756183240406,0.026019647488920206,0.20521618364887773,0.09452035210260809,48963,1/1,earnings22,test,1,progressive_top/earnings22-test-epoch-1-lr-9em4-train-all_1.pkl,
layer_drop_lr_sweep,9em4,drop-none,0.36778792149173867,0.02150603516941364,0.26424034475011743,0.08204154157220758,48963,1/1,earnings22,test,1,layer_drop_lr_sweep/earnings22-test-epoch-1-lr-9em4-drop-none_1.pkl,
