unit_id,recording_id,utterance_index,duration,word_count,baseline_wer,adapted_wer,wer_delta,improved,teacher_selected_wer,teacher_accepted_updates,teacher_skipped_updates,mean_vote_count,mean_vote_fraction
AlGore_2009:0000:13.04-23.46,AlGore_2009,0,10.420000000000002,36,0.16666666666666666,0.16666666666666666,0.0,False,,0,3,,
AlGore_2009:0001:23.46-40.05,AlGore_2009,1,16.589999999999996,51,0.09803921568627451,0.09803921568627451,0.0,False,,0,3,,
AlGore_2009:0002:40.05-52.68,AlGore_2009,2,12.630000000000003,42,0.11904761904761904,0.11904761904761904,0.0,False,,0,3,,
AlGore_2009:0003:52.68-60.29,AlGore_2009,3,7.609999999999999,24,0.16666666666666666,0.16666666666666666,0.0,False,,0,3,,
AlGore_2009:0004:62.60-69.05,AlGore_2009,4,6.449999999999996,17,0.0,0.0,0.0,False,,0,3,,
AlGore_2009:0005:69.05-86.33,AlGore_2009,5,17.28,50,0.08,0.08,0.0,False,,0,3,,
AlGore_2009:0006:86.33-97.90,AlGore_2009,6,11.570000000000007,35,0.02857142857142857,0.02857142857142857,0.0,False,,0,3,,
AlGore_2009:0007:110.68-118.30,AlGore_2009,7,7.61999999999999,24,0.16666666666666666,0.16666666666666666,0.0,False,,0,3,,
AlGore_2009:0008:118.30-126.59,AlGore_2009,8,8.290000000000006,21,0.09523809523809523,0.09523809523809523,0.0,False,,0,3,,
AlGore_2009:0009:126.59-135.11,AlGore_2009,9,8.52000000000001,28,0.17857142857142858,0.17857142857142858,0.0,False,,0,3,,
AlGore_2009:0010:135.11-145.34,AlGore_2009,10,10.22999999999999,32,0.59375,0.59375,0.0,False,,0,3,,
AlGore_2009:0011:145.34-154.09,AlGore_2009,11,8.75,26,0.11538461538461539,0.11538461538461539,0.0,False,,0,3,,
AlGore_2009:0012:154.09-168.56,AlGore_2009,12,14.469999999999999,55,0.09090909090909091,0.09090909090909091,0.0,False,,0,3,,
AlGore_2009:0013:168.56-186.78,AlGore_2009,13,18.22,55,0.09090909090909091,0.09090909090909091,0.0,False,,0,3,,
AlGore_2009:0014:186.78-205.16,AlGore_2009,14,18.379999999999995,48,0.020833333333333332,0.020833333333333332,0.0,False,,0,3,,
AlGore_2009:0015:205.16-209.55,AlGore_2009,15,4.390000000000015,4,0.0,0.0,0.0,False,1.0,2,1,2.0,0.125
AlGore_2009:0016:209.55-217.91,AlGore_2009,16,8.359999999999985,23,0.0,0.0,0.0,False,,0,3,,
AlGore_2009:0017:217.91-229.16,AlGore_2009,17,11.25,33,0.12121212121212122,0.12121212121212122,0.0,False,,0,3,,
AlGore_2009:0018:229.16-236.68,AlGore_2009,18,7.52000000000001,25,0.12,0.12,0.0,False,,0,3,,
AlGore_2009:0019:236.68-254.15,AlGore_2009,19,17.47,59,0.0847457627118644,0.0847457627118644,0.0,False,,0,3,,
AlGore_2009:0020:254.15-270.30,AlGore_2009,20,16.150000000000006,41,0.07317073170731707,0.07317073170731707,0.0,False,,0,3,,
AlGore_2009:0021:273.70-289.49,AlGore_2009,21,15.79000000000002,51,0.11764705882352941,0.11764705882352941,0.0,False,,0,3,,
AlGore_2009:0022:304.30-311.68,AlGore_2009,22,7.3799999999999955,22,0.3181818181818182,0.3181818181818182,0.0,False,,0,3,,
AlGore_2009:0023:313.04-319.79,AlGore_2009,23,6.75,21,0.38095238095238093,0.38095238095238093,0.0,False,,0,3,,
AlGore_2009:0024:319.79-326.07,AlGore_2009,24,6.279999999999973,20,0.1,0.1,0.0,False,,0,3,,
AlGore_2009:0025:326.07-338.81,AlGore_2009,25,12.740000000000009,44,0.09090909090909091,0.09090909090909091,0.0,False,,0,3,,
AlGore_2009:0026:338.81-342.42,AlGore_2009,26,3.6100000000000136,12,0.25,0.25,0.0,False,,0,3,,
AlGore_2009:0027:343.36-344.77,AlGore_2009,27,1.4099999999999682,3,0.0,0.0,0.0,False,,0,3,,
AlGore_2009:0028:345.38-350.03,AlGore_2009,28,4.649999999999977,12,0.0,0.0,0.0,False,,0,3,,
AlGore_2009:0029:351.76-356.80,AlGore_2009,29,5.0400000000000205,24,0.25,0.25,0.0,False,,0,3,,
AlGore_2009:0030:359.77-365.37,AlGore_2009,30,5.600000000000023,16,0.25,0.25,0.0,False,,0,3,,
AlGore_2009:0031:366.43-374.01,AlGore_2009,31,7.579999999999984,23,0.17391304347826086,0.17391304347826086,0.0,False,,0,3,,
AlGore_2009:0032:374.01-379.09,AlGore_2009,32,5.079999999999984,12,0.4166666666666667,0.4166666666666667,0.0,False,,0,3,,
AlGore_2009:0033:379.09-385.34,AlGore_2009,33,6.25,14,0.07142857142857142,0.07142857142857142,0.0,False,,0,3,,
AlGore_2009:0034:385.34-390.66,AlGore_2009,34,5.32000000000005,11,0.09090909090909091,0.09090909090909091,0.0,False,,0,3,,
AlGore_2009:0035:390.66-396.15,AlGore_2009,35,5.489999999999952,18,0.4444444444444444,0.4444444444444444,0.0,False,,0,3,,
AlGore_2009:0036:396.15-400.79,AlGore_2009,36,4.640000000000043,17,0.17647058823529413,0.17647058823529413,0.0,False,,0,3,,
AlGore_2009:0037:400.79-409.21,AlGore_2009,37,8.419999999999959,24,0.041666666666666664,0.041666666666666664,0.0,False,,0,3,,
AlGore_2009:0038:409.21-414.90,AlGore_2009,38,5.689999999999998,16,0.0625,0.0625,0.0,False,,0,3,,
AlGore_2009:0039:414.90-416.07,AlGore_2009,39,1.170000000000016,5,0.2,0.2,0.0,False,1.8,3,0,3.0,0.1875
AlGore_2009:0040:423.15-430.56,AlGore_2009,40,7.410000000000025,23,0.043478260869565216,0.043478260869565216,0.0,False,,0,3,,
AlGore_2009:0041:431.95-436.22,AlGore_2009,41,4.270000000000039,10,0.6,0.6,0.0,False,,0,3,,
AlGore_2009:0042:437.70-440.92,AlGore_2009,42,3.2200000000000273,7,0.7142857142857143,0.7142857142857143,0.0,False,,0,3,,
AlGore_2009:0043:442.81-445.91,AlGore_2009,43,3.1000000000000227,8,0.125,0.125,0.0,False,,0,3,,
AlGore_2009:0044:445.91-456.69,AlGore_2009,44,10.779999999999973,30,0.0,0.0,0.0,False,,0,3,,
AlGore_2009:0045:456.69-457.97,AlGore_2009,45,1.2800000000000296,4,0.0,0.0,0.0,False,2.25,3,0,8.0,0.5
BarrySchwartz_2005G:0000:12.24-19.56,BarrySchwartz_2005G,0,7.3199999999999985,34,0.11764705882352941,0.11764705882352941,0.0,False,,0,3,,
BarrySchwartz_2005G:0001:19.56-26.89,BarrySchwartz_2005G,1,7.330000000000002,20,0.1,0.1,0.0,False,,0,3,,
BarrySchwartz_2005G:0002:26.89-38.74,BarrySchwartz_2005G,2,11.850000000000001,31,0.0967741935483871,0.0967741935483871,0.0,False,,0,3,,
BarrySchwartz_2005G:0003:38.74-49.12,BarrySchwartz_2005G,3,10.379999999999995,24,0.0,0.0,0.0,False,,0,3,,
BarrySchwartz_2005G:0004:49.12-62.24,BarrySchwartz_2005G,4,13.120000000000005,39,0.0,0.0,0.0,False,,0,3,,
BarrySchwartz_2005G:0005:62.24-75.46,BarrySchwartz_2005G,5,13.219999999999992,30,0.0,0.0,0.0,False,,0,3,,
BarrySchwartz_2005G:0006:75.46-89.62,BarrySchwartz_2005G,6,14.16000000000001,30,0.0,0.0,0.0,False,,0,3,,
BarrySchwartz_2005G:0007:89.62-98.55,BarrySchwartz_2005G,7,8.929999999999993,24,0.0,0.0,0.0,False,,0,3,,
BarrySchwartz_2005G:0008:98.55-105.32,BarrySchwartz_2005G,8,6.769999999999996,22,0.0,0.0,0.0,False,,0,3,,
BarrySchwartz_2005G:0009:105.32-118.42,BarrySchwartz_2005G,9,13.100000000000009,40,0.125,0.125,0.0,False,,0,3,,
BarrySchwartz_2005G:0010:118.42-129.48,BarrySchwartz_2005G,10,11.059999999999988,34,0.058823529411764705,0.058823529411764705,0.0,False,,0,3,,
BarrySchwartz_2005G:0011:129.48-139.56,BarrySchwartz_2005G,11,10.080000000000013,14,0.07142857142857142,0.07142857142857142,0.0,False,,0,3,,
BarrySchwartz_2005G:0012:139.56-150.43,BarrySchwartz_2005G,12,10.870000000000005,32,0.03125,0.03125,0.0,False,,0,3,,
BarrySchwartz_2005G:0013:150.43-163.93,BarrySchwartz_2005G,13,13.5,51,0.0392156862745098,0.0392156862745098,0.0,False,,0,3,,
BarrySchwartz_2005G:0014:163.93-172.65,BarrySchwartz_2005G,14,8.719999999999999,27,0.0,0.0,0.0,False,,0,3,,
BarrySchwartz_2005G:0015:172.65-179.60,BarrySchwartz_2005G,15,6.949999999999989,19,0.21052631578947367,0.21052631578947367,0.0,False,,0,3,,
BarrySchwartz_2005G:0016:181.89-192.51,BarrySchwartz_2005G,16,10.620000000000005,39,0.0,0.0,0.0,False,,0,3,,
BarrySchwartz_2005G:0017:192.51-201.64,BarrySchwartz_2005G,17,9.129999999999995,32,0.0,0.0,0.0,False,,0,3,,
BarrySchwartz_2005G:0018:201.64-215.06,BarrySchwartz_2005G,18,13.420000000000016,34,0.0,0.0,0.0,False,,0,3,,
BarrySchwartz_2005G:0019:215.06-224.04,BarrySchwartz_2005G,19,8.97999999999999,37,0.43243243243243246,0.43243243243243246,0.0,False,,0,3,,
BarrySchwartz_2005G:0020:224.04-233.25,BarrySchwartz_2005G,20,9.210000000000008,28,0.07142857142857142,0.07142857142857142,0.0,False,,0,3,,
BarrySchwartz_2005G:0021:233.25-245.59,BarrySchwartz_2005G,21,12.340000000000003,40,0.1,0.1,0.0,False,,0,3,,
BarrySchwartz_2005G:0022:245.59-267.95,BarrySchwartz_2005G,22,22.359999999999985,73,0.0821917808219178,0.0684931506849315,-0.0136986301369863,True,0.958904109589041,3,3,3.3333333333333335,0.20833333333333334
BarrySchwartz_2005G:0023:267.95-282.08,BarrySchwartz_2005G,23,14.129999999999995,56,0.017857142857142856,0.017857142857142856,0.0,False,,0,3,,
BarrySchwartz_2005G:0024:282.08-291.09,BarrySchwartz_2005G,24,9.009999999999991,16,0.125,0.125,0.0,False,,0,3,,
BarrySchwartz_2005G:0025:291.09-303.34,BarrySchwartz_2005G,25,12.25,51,0.058823529411764705,0.058823529411764705,0.0,False,,0,3,,
BarrySchwartz_2005G:0026:303.34-309.23,BarrySchwartz_2005G,26,5.890000000000043,11,0.0,0.0,0.0,False,0.0,1,2,2.0,0.125
BarrySchwartz_2005G:0027:309.23-321.76,BarrySchwartz_2005G,27,12.529999999999973,39,0.0,0.0,0.0,False,,0,3,,
BarrySchwartz_2005G:0028:321.76-331.02,BarrySchwartz_2005G,28,9.259999999999991,21,0.047619047619047616,0.047619047619047616,0.0,False,,0,3,,
BarrySchwartz_2005G:0029:331.02-341.66,BarrySchwartz_2005G,29,10.640000000000043,34,0.23529411764705882,0.23529411764705882,0.0,False,,0,3,,
BarrySchwartz_2005G:0030:341.66-349.40,BarrySchwartz_2005G,30,7.739999999999952,27,0.6666666666666666,0.6666666666666666,0.0,False,,0,3,,
BarrySchwartz_2005G:0031:349.40-361.85,BarrySchwartz_2005G,31,12.450000000000045,45,0.022222222222222223,0.022222222222222223,0.0,False,,0,3,,
BarrySchwartz_2005G:0032:364.04-365.16,BarrySchwartz_2005G,32,1.1200000000000045,1,0.0,0.0,0.0,False,2.0,3,0,5.666666666666667,0.3541666666666667
BarrySchwartz_2005G:0033:365.16-377.66,BarrySchwartz_2005G,33,12.5,31,0.03225806451612903,0.03225806451612903,0.0,False,,0,3,,
BarrySchwartz_2005G:0034:382.94-392.41,BarrySchwartz_2005G,34,9.470000000000027,39,0.1282051282051282,0.1282051282051282,0.0,False,,0,3,,
BarrySchwartz_2005G:0035:392.41-401.56,BarrySchwartz_2005G,35,9.149999999999977,30,0.0,0.0,0.0,False,,0,3,,
BarrySchwartz_2005G:0036:401.56-414.65,BarrySchwartz_2005G,36,13.089999999999975,47,0.0,0.0,0.0,False,,0,3,,
BarrySchwartz_2005G:0037:414.65-420.97,BarrySchwartz_2005G,37,6.32000000000005,21,0.09523809523809523,0.09523809523809523,0.0,False,,0,3,,
BarrySchwartz_2005G:0038:420.97-432.55,BarrySchwartz_2005G,38,11.579999999999984,45,0.044444444444444446,0.044444444444444446,0.0,False,,0,3,,
BarrySchwartz_2005G:0039:432.55-445.38,BarrySchwartz_2005G,39,12.829999999999984,31,0.0,0.0,0.0,False,,0,3,,
BarrySchwartz_2005G:0040:447.42-456.23,BarrySchwartz_2005G,40,8.810000000000002,30,0.0,0.0,0.0,False,,0,3,,
BarrySchwartz_2005G:0041:456.23-462.63,BarrySchwartz_2005G,41,6.399999999999977,12,0.0,0.0,0.0,False,0.16666666666666666,1,2,2.0,0.125
BarrySchwartz_2005G:0042:465.54-476.02,BarrySchwartz_2005G,42,10.479999999999961,32,0.03125,0.03125,0.0,False,,0,3,,
BarrySchwartz_2005G:0043:476.02-489.20,BarrySchwartz_2005G,43,13.180000000000007,27,0.0,0.0,0.0,False,,0,3,,
BarrySchwartz_2005G:0044:489.20-500.62,BarrySchwartz_2005G,44,11.420000000000016,28,0.03571428571428571,0.03571428571428571,0.0,False,,0,3,,
BarrySchwartz_2005G:0045:501.77-511.15,BarrySchwartz_2005G,45,9.379999999999995,25,0.08,0.08,0.0,False,,0,3,,
BarrySchwartz_2005G:0046:511.15-518.94,BarrySchwartz_2005G,46,7.790000000000077,14,0.14285714285714285,0.14285714285714285,0.0,False,,0,3,,
BarrySchwartz_2005G:0047:518.94-540.67,BarrySchwartz_2005G,47,21.729999999999905,58,0.13793103448275862,0.13793103448275862,0.0,False,,0,6,,
BarrySchwartz_2005G:0048:540.67-554.20,BarrySchwartz_2005G,48,13.530000000000086,49,0.0,0.0,0.0,False,,0,3,,
BarrySchwartz_2005G:0049:554.20-568.69,BarrySchwartz_2005G,49,14.490000000000009,42,0.0,0.0,0.0,False,,0,3,,
BarrySchwartz_2005G:0050:574.98-582.53,BarrySchwartz_2005G,50,7.5499999999999545,31,0.03225806451612903,0.03225806451612903,0.0,False,,0,3,,
BarrySchwartz_2005G:0051:582.53-590.16,BarrySchwartz_2005G,51,7.6299999999999955,22,0.0,0.0,0.0,False,,0,3,,
BarrySchwartz_2005G:0052:590.16-600.08,BarrySchwartz_2005G,52,9.920000000000073,30,0.03333333333333333,0.03333333333333333,0.0,False,,0,3,,
BarrySchwartz_2005G:0053:600.08-612.47,BarrySchwartz_2005G,53,12.389999999999986,49,0.12244897959183673,0.12244897959183673,0.0,False,,0,3,,
BarrySchwartz_2005G:0054:612.47-625.16,BarrySchwartz_2005G,54,12.68999999999994,37,0.02702702702702703,0.02702702702702703,0.0,False,,0,3,,
BarrySchwartz_2005G:0055:625.16-632.39,BarrySchwartz_2005G,55,7.230000000000018,23,0.0,0.0,0.0,False,,0,3,,
BarrySchwartz_2005G:0056:632.39-644.43,BarrySchwartz_2005G,56,12.039999999999964,35,0.0,0.0,0.0,False,,0,3,,
BarrySchwartz_2005G:0057:644.43-653.75,BarrySchwartz_2005G,57,9.32000000000005,22,0.045454545454545456,0.045454545454545456,0.0,False,,0,3,,
BarrySchwartz_2005G:0058:655.18-660.69,BarrySchwartz_2005G,58,5.510000000000105,16,0.0625,0.0625,0.0,False,,0,3,,
BarrySchwartz_2005G:0059:660.69-664.21,BarrySchwartz_2005G,59,3.519999999999982,11,0.09090909090909091,0.09090909090909091,0.0,False,,0,3,,
BarrySchwartz_2005G:0060:664.21-677.41,BarrySchwartz_2005G,60,13.199999999999932,45,0.044444444444444446,0.044444444444444446,0.0,False,,0,3,,
BarrySchwartz_2005G:0061:677.41-684.45,BarrySchwartz_2005G,61,7.040000000000077,17,0.17647058823529413,0.17647058823529413,0.0,False,,0,3,,
BarrySchwartz_2005G:0062:684.45-694.41,BarrySchwartz_2005G,62,9.959999999999923,24,0.0,0.0,0.0,False,,0,3,,
BarrySchwartz_2005G:0063:694.41-704.66,BarrySchwartz_2005G,63,10.25,28,0.0,0.0,0.0,False,,0,3,,
BarrySchwartz_2005G:0064:704.66-711.50,BarrySchwartz_2005G,64,6.840000000000032,21,0.0,0.0,0.0,False,,0,3,,
BarrySchwartz_2005G:0065:716.09-727.31,BarrySchwartz_2005G,65,11.219999999999914,40,0.025,0.025,0.0,False,,0,3,,
BarrySchwartz_2005G:0066:727.31-734.78,BarrySchwartz_2005G,66,7.470000000000027,29,0.0,0.0,0.0,False,,0,3,,
BarrySchwartz_2005G:0067:734.78-744.19,BarrySchwartz_2005G,67,9.410000000000082,31,0.0,0.0,0.0,False,,0,3,,
BarrySchwartz_2005G:0068:744.19-756.48,BarrySchwartz_2005G,68,12.289999999999964,52,0.057692307692307696,0.057692307692307696,0.0,False,,0,3,,
BarrySchwartz_2005G:0069:756.48-776.65,BarrySchwartz_2005G,69,20.16999999999996,78,0.24358974358974358,0.24358974358974358,0.0,False,,0,3,,
BarrySchwartz_2005G:0070:781.09-783.72,BarrySchwartz_2005G,70,2.6299999999999955,7,0.0,0.0,0.0,False,2.142857142857143,3,0,3.6666666666666665,0.22916666666666666
BarrySchwartz_2005G:0071:783.72-796.78,BarrySchwartz_2005G,71,13.059999999999945,42,0.023809523809523808,0.023809523809523808,0.0,False,,0,3,,
BarrySchwartz_2005G:0072:796.78-805.52,BarrySchwartz_2005G,72,8.740000000000009,20,0.2,0.2,0.0,False,,0,3,,
BarrySchwartz_2005G:0073:809.92-820.76,BarrySchwartz_2005G,73,10.840000000000032,26,0.038461538461538464,0.038461538461538464,0.0,False,,0,3,,
BarrySchwartz_2005G:0074:820.76-834.75,BarrySchwartz_2005G,74,13.990000000000009,55,0.03636363636363636,0.03636363636363636,0.0,False,,0,3,,
BarrySchwartz_2005G:0075:834.75-840.41,BarrySchwartz_2005G,75,5.659999999999968,18,0.0,0.0,0.0,False,,0,3,,
BarrySchwartz_2005G:0076:840.41-855.02,BarrySchwartz_2005G,76,14.610000000000014,42,0.047619047619047616,0.047619047619047616,0.0,False,,0,3,,
BarrySchwartz_2005G:0077:855.02-857.81,BarrySchwartz_2005G,77,2.7899999999999636,4,0.25,0.25,0.0,False,2.25,3,0,7.666666666666667,0.4791666666666667
BarrySchwartz_2005G:0078:857.81-863.26,BarrySchwartz_2005G,78,5.4500000000000455,15,0.0,0.0,0.0,False,,0,3,,
BarrySchwartz_2005G:0079:866.74-877.75,BarrySchwartz_2005G,79,11.009999999999991,31,0.0,0.0,0.0,False,,0,3,,
BarrySchwartz_2005G:0080:877.75-888.87,BarrySchwartz_2005G,80,11.120000000000005,34,0.08823529411764706,0.08823529411764706,0.0,False,,0,3,,
BarrySchwartz_2005G:0081:888.87-902.31,BarrySchwartz_2005G,81,13.43999999999994,34,0.029411764705882353,0.029411764705882353,0.0,False,,0,3,,
BarrySchwartz_2005G:0082:911.67-927.69,BarrySchwartz_2005G,82,16.020000000000095,45,0.022222222222222223,0.022222222222222223,0.0,False,,0,3,,
BarrySchwartz_2005G:0083:927.69-941.16,BarrySchwartz_2005G,83,13.469999999999914,43,0.0,0.0,0.0,False,,0,3,,
BarrySchwartz_2005G:0084:941.16-954.01,BarrySchwartz_2005G,84,12.850000000000023,36,0.027777777777777776,0.027777777777777776,0.0,False,,0,3,,
BarrySchwartz_2005G:0085:954.01-967.94,BarrySchwartz_2005G,85,13.930000000000064,43,0.06976744186046512,0.06976744186046512,0.0,False,,0,3,,
BarrySchwartz_2005G:0086:967.94-991.51,BarrySchwartz_2005G,86,23.569999999999936,67,0.029850746268656716,0.029850746268656716,0.0,False,,0,6,,
BarrySchwartz_2005G:0087:991.51-998.70,BarrySchwartz_2005G,87,7.190000000000055,18,0.05555555555555555,0.05555555555555555,0.0,False,,0,3,,
BarrySchwartz_2005G:0088:998.70-1006.15,BarrySchwartz_2005G,88,7.449999999999932,19,0.0,0.0,0.0,False,,0,3,,
BarrySchwartz_2005G:0089:1006.15-1014.31,BarrySchwartz_2005G,89,8.159999999999968,20,0.0,0.0,0.0,False,,0,3,,
BarrySchwartz_2005G:0090:1014.31-1026.31,BarrySchwartz_2005G,90,12.0,42,0.023809523809523808,0.023809523809523808,0.0,False,,0,3,,
BarrySchwartz_2005G:0091:1026.31-1036.51,BarrySchwartz_2005G,91,10.200000000000045,28,0.0,0.0,0.0,False,,0,3,,
BarrySchwartz_2005G:0092:1036.51-1045.00,BarrySchwartz_2005G,92,8.490000000000009,22,0.045454545454545456,0.045454545454545456,0.0,False,,0,3,,
BarrySchwartz_2005G:0093:1045.00-1054.76,BarrySchwartz_2005G,93,9.759999999999991,33,0.0,0.0,0.0,False,,0,3,,
BarrySchwartz_2005G:0094:1054.83-1065.67,BarrySchwartz_2005G,94,10.840000000000146,26,0.11538461538461539,0.11538461538461539,0.0,False,,0,3,,
BarrySchwartz_2005G:0095:1066.90-1070.78,BarrySchwartz_2005G,95,3.8799999999998818,6,0.5,0.5,0.0,False,,0,3,,
BarrySchwartz_2005G:0096:1070.78-1083.08,BarrySchwartz_2005G,96,12.299999999999955,34,0.08823529411764706,0.08823529411764706,0.0,False,,0,3,,
BarrySchwartz_2005G:0097:1083.08-1094.45,BarrySchwartz_2005G,97,11.370000000000118,29,0.0,0.0,0.0,False,,0,3,,
BarrySchwartz_2005G:0098:1094.45-1105.03,BarrySchwartz_2005G,98,10.579999999999927,29,0.13793103448275862,0.13793103448275862,0.0,False,,0,3,,
BarrySchwartz_2005G:0099:1105.03-1112.79,BarrySchwartz_2005G,99,7.759999999999991,18,0.16666666666666666,0.16666666666666666,0.0,False,,0,3,,
BarrySchwartz_2005G:0100:1112.79-1121.92,BarrySchwartz_2005G,100,9.13000000000011,27,0.18518518518518517,0.18518518518518517,0.0,False,,0,3,,
BarrySchwartz_2005G:0101:1122.95-1131.51,BarrySchwartz_2005G,101,8.559999999999945,34,0.029411764705882353,0.029411764705882353,0.0,False,,0,3,,
BarrySchwartz_2005G:0102:1131.51-1143.08,BarrySchwartz_2005G,102,11.569999999999936,29,0.13793103448275862,0.13793103448275862,0.0,False,,0,3,,
BarrySchwartz_2005G:0103:1143.08-1150.08,BarrySchwartz_2005G,103,7.0,13,0.23076923076923078,0.23076923076923078,0.0,False,,0,3,,
BarrySchwartz_2005G:0104:1150.08-1158.42,BarrySchwartz_2005G,104,8.340000000000146,18,0.1111111111111111,0.1111111111111111,0.0,False,,0,3,,
BarrySchwartz_2005G:0105:1158.42-1169.05,BarrySchwartz_2005G,105,10.629999999999882,28,0.07142857142857142,0.07142857142857142,0.0,False,,0,3,,
BlaiseAguerayArcas_2007:0000:12.20-15.72,BlaiseAguerayArcas_2007,0,3.5200000000000014,14,0.0,0.0,0.0,False,,0,3,,
BlaiseAguerayArcas_2007:0001:15.72-24.25,BlaiseAguerayArcas_2007,1,8.53,27,0.14814814814814814,0.14814814814814814,0.0,False,,0,3,,
BlaiseAguerayArcas_2007:0002:24.25-40.62,BlaiseAguerayArcas_2007,2,16.369999999999997,54,0.14814814814814814,0.14814814814814814,0.0,False,,0,3,,
BlaiseAguerayArcas_2007:0003:40.62-54.60,BlaiseAguerayArcas_2007,3,13.980000000000004,55,0.09090909090909091,0.09090909090909091,0.0,False,,0,3,,
BlaiseAguerayArcas_2007:0004:54.60-62.85,BlaiseAguerayArcas_2007,4,8.25,37,0.13513513513513514,0.13513513513513514,0.0,False,,0,3,,
BlaiseAguerayArcas_2007:0005:62.85-74.52,BlaiseAguerayArcas_2007,5,11.669999999999995,34,0.11764705882352941,0.11764705882352941,0.0,False,,0,3,,
BlaiseAguerayArcas_2007:0006:74.52-83.35,BlaiseAguerayArcas_2007,6,8.829999999999998,40,0.075,0.075,0.0,False,,0,3,,
BlaiseAguerayArcas_2007:0007:83.35-98.47,BlaiseAguerayArcas_2007,7,15.120000000000005,61,0.13114754098360656,0.13114754098360656,0.0,False,,0,3,,
BlaiseAguerayArcas_2007:0008:98.47-108.86,BlaiseAguerayArcas_2007,8,10.39,40,0.175,0.175,0.0,False,,0,3,,
BlaiseAguerayArcas_2007:0009:108.86-121.34,BlaiseAguerayArcas_2007,9,12.480000000000004,46,0.08695652173913043,0.08695652173913043,0.0,False,,0,3,,
BlaiseAguerayArcas_2007:0010:121.34-134.12,BlaiseAguerayArcas_2007,10,12.780000000000001,48,0.16666666666666666,0.16666666666666666,0.0,False,,0,3,,
BlaiseAguerayArcas_2007:0011:134.12-142.99,BlaiseAguerayArcas_2007,11,8.870000000000005,41,0.0975609756097561,0.0975609756097561,0.0,False,,0,3,,
BlaiseAguerayArcas_2007:0012:144.29-148.40,BlaiseAguerayArcas_2007,12,4.110000000000014,18,0.16666666666666666,0.16666666666666666,0.0,False,,0,3,,
BlaiseAguerayArcas_2007:0013:149.84-171.41,BlaiseAguerayArcas_2007,13,21.569999999999993,81,0.24691358024691357,0.24691358024691357,0.0,False,,0,6,,
BlaiseAguerayArcas_2007:0014:171.41-182.72,BlaiseAguerayArcas_2007,14,11.310000000000002,49,0.14285714285714285,0.14285714285714285,0.0,False,,0,3,,
BlaiseAguerayArcas_2007:0015:182.72-196.97,BlaiseAguerayArcas_2007,15,14.25,43,0.20930232558139536,0.20930232558139536,0.0,False,,0,3,,
BlaiseAguerayArcas_2007:0016:197.03-206.23,BlaiseAguerayArcas_2007,16,9.199999999999989,19,0.10526315789473684,0.10526315789473684,0.0,False,,0,3,,
BlaiseAguerayArcas_2007:0017:206.23-220.84,BlaiseAguerayArcas_2007,17,14.610000000000014,67,0.1044776119402985,0.1044776119402985,0.0,False,,0,3,,
BlaiseAguerayArcas_2007:0018:220.84-233.57,BlaiseAguerayArcas_2007,18,12.72999999999999,49,0.14285714285714285,0.14285714285714285,0.0,False,,0,3,,
BlaiseAguerayArcas_2007:0019:233.63-241.09,BlaiseAguerayArcas_2007,19,7.460000000000008,25,1.0,1.0,0.0,False,,0,3,,
BlaiseAguerayArcas_2007:0020:241.09-251.95,BlaiseAguerayArcas_2007,20,10.859999999999985,36,0.05555555555555555,0.05555555555555555,0.0,False,,0,3,,
BlaiseAguerayArcas_2007:0021:253.30-259.99,BlaiseAguerayArcas_2007,21,6.689999999999998,30,0.13333333333333333,0.13333333333333333,0.0,False,,0,3,,
BlaiseAguerayArcas_2007:0022:270.83-276.92,BlaiseAguerayArcas_2007,22,6.090000000000032,32,0.3125,0.3125,0.0,False,,0,3,,
BlaiseAguerayArcas_2007:0023:280.63-294.57,BlaiseAguerayArcas_2007,23,13.939999999999998,55,0.4,0.4,0.0,False,,0,3,,
BlaiseAguerayArcas_2007:0024:294.57-298.56,BlaiseAguerayArcas_2007,24,3.990000000000009,12,0.4166666666666667,0.4166666666666667,0.0,False,,0,3,,
BlaiseAguerayArcas_2007:0025:299.61-312.56,BlaiseAguerayArcas_2007,25,12.949999999999989,40,0.275,0.275,0.0,False,,0,3,,
BlaiseAguerayArcas_2007:0026:312.56-314.56,BlaiseAguerayArcas_2007,26,2.0,5,0.0,0.0,0.0,False,,0,3,,
BlaiseAguerayArcas_2007:0027:318.57-329.96,BlaiseAguerayArcas_2007,27,11.389999999999986,39,0.07692307692307693,0.07692307692307693,0.0,False,,0,3,,
BlaiseAguerayArcas_2007:0028:329.96-341.75,BlaiseAguerayArcas_2007,28,11.79000000000002,49,0.16326530612244897,0.16326530612244897,0.0,False,,0,3,,
BlaiseAguerayArcas_2007:0029:341.75-353.53,BlaiseAguerayArcas_2007,29,11.779999999999973,42,0.047619047619047616,0.047619047619047616,0.0,False,,0,3,,
BlaiseAguerayArcas_2007:0030:353.53-359.82,BlaiseAguerayArcas_2007,30,6.2900000000000205,22,0.13636363636363635,0.13636363636363635,0.0,False,,0,3,,
BlaiseAguerayArcas_2007:0031:359.82-370.08,BlaiseAguerayArcas_2007,31,10.259999999999991,43,0.23255813953488372,0.23255813953488372,0.0,False,,0,3,,
BlaiseAguerayArcas_2007:0032:370.08-380.65,BlaiseAguerayArcas_2007,32,10.569999999999993,32,0.125,0.125,0.0,False,,0,3,,
BlaiseAguerayArcas_2007:0033:380.71-388.67,BlaiseAguerayArcas_2007,33,7.960000000000036,23,0.08695652173913043,0.08695652173913043,0.0,False,,0,3,,
BlaiseAguerayArcas_2007:0034:400.16-408.12,BlaiseAguerayArcas_2007,34,7.9599999999999795,31,0.22580645161290322,0.22580645161290322,0.0,False,,0,3,,
BlaiseAguerayArcas_2007:0035:408.12-409.89,BlaiseAguerayArcas_2007,35,1.7699999999999818,3,0.0,0.0,0.0,False,2.0,3,0,5.333333333333333,0.3333333333333333
BlaiseAguerayArcas_2007:0036:409.96-414.19,BlaiseAguerayArcas_2007,36,4.230000000000018,14,0.07142857142857142,0.07142857142857142,0.0,False,,0,3,,
BlaiseAguerayArcas_2007:0037:414.20-419.24,BlaiseAguerayArcas_2007,37,5.0400000000000205,18,0.16666666666666666,0.16666666666666666,0.0,False,,0,3,,
BlaiseAguerayArcas_2007:0038:419.24-428.68,BlaiseAguerayArcas_2007,38,9.439999999999998,43,0.046511627906976744,0.046511627906976744,0.0,False,,0,3,,
BlaiseAguerayArcas_2007:0039:428.68-442.22,BlaiseAguerayArcas_2007,39,13.54000000000002,60,0.11666666666666667,0.11666666666666667,0.0,False,,0,3,,
BlaiseAguerayArcas_2007:0040:442.22-444.42,BlaiseAguerayArcas_2007,40,2.1999999999999886,6,0.16666666666666666,0.16666666666666666,0.0,False,,0,3,,
BlaiseAguerayArcas_2007:0041:444.42-444.89,BlaiseAguerayArcas_2007,41,0.46999999999997044,3,1.0,1.0,0.0,False,,3,0,5.0,0.3125
BrianCox_2009U:0000:13.16-23.36,BrianCox_2009U,0,10.2,43,0.3488372093023256,0.3488372093023256,0.0,False,,0,3,,
BrianCox_2009U:0001:23.36-39.11,BrianCox_2009U,1,15.75,49,0.22448979591836735,0.22448979591836735,0.0,False,,0,3,,
BrianCox_2009U:0002:39.11-48.14,BrianCox_2009U,2,9.030000000000001,31,0.12903225806451613,0.12903225806451613,0.0,False,,0,3,,
BrianCox_2009U:0003:48.14-56.84,BrianCox_2009U,3,8.700000000000003,29,0.034482758620689655,0.034482758620689655,0.0,False,,0,3,,
BrianCox_2009U:0004:56.84-66.45,BrianCox_2009U,4,9.61,31,0.0967741935483871,0.0967741935483871,0.0,False,,0,3,,
BrianCox_2009U:0005:66.45-77.14,BrianCox_2009U,5,10.689999999999998,35,0.05714285714285714,0.05714285714285714,0.0,False,,0,3,,
BrianCox_2009U:0006:77.14-90.54,BrianCox_2009U,6,13.400000000000006,47,0.06382978723404255,0.06382978723404255,0.0,False,,0,3,,
BrianCox_2009U:0007:90.54-103.47,BrianCox_2009U,7,12.929999999999993,43,0.27906976744186046,0.27906976744186046,0.0,False,,0,3,,
BrianCox_2009U:0008:103.47-114.28,BrianCox_2009U,8,10.810000000000002,34,0.08823529411764706,0.08823529411764706,0.0,False,,0,3,,
BrianCox_2009U:0009:114.28-129.16,BrianCox_2009U,9,14.879999999999995,34,0.2647058823529412,0.2647058823529412,0.0,False,,0,3,,
BrianCox_2009U:0010:129.16-137.25,BrianCox_2009U,10,8.090000000000003,24,0.125,0.125,0.0,False,,0,3,,
BrianCox_2009U:0011:137.25-152.55,BrianCox_2009U,11,15.300000000000011,54,0.14814814814814814,0.14814814814814814,0.0,False,,0,3,,
BrianCox_2009U:0012:152.55-166.91,BrianCox_2009U,12,14.359999999999985,37,0.13513513513513514,0.13513513513513514,0.0,False,,0,3,,
BrianCox_2009U:0013:166.91-174.22,BrianCox_2009U,13,7.310000000000002,29,0.13793103448275862,0.13793103448275862,0.0,False,,0,3,,
BrianCox_2009U:0014:174.22-193.78,BrianCox_2009U,14,19.560000000000002,50,0.18,0.18,0.0,False,,0,3,,
BrianCox_2009U:0015:193.78-200.61,BrianCox_2009U,15,6.8300000000000125,21,0.09523809523809523,0.09523809523809523,0.0,False,,0,3,,
CraigVenter_2008:0000:15.66-31.43,CraigVenter_2008,0,15.77,39,0.1282051282051282,0.1282051282051282,0.0,False,,0,3,,
CraigVenter_2008:0001:31.43-35.24,CraigVenter_2008,1,3.8100000000000023,11,0.0,0.0,0.0,False,0.2727272727272727,1,2,3.0,0.1875
CraigVenter_2008:0002:35.42-43.46,CraigVenter_2008,2,8.04,21,0.047619047619047616,0.047619047619047616,0.0,False,,0,3,,
CraigVenter_2008:0003:44.72-53.74,CraigVenter_2008,3,9.020000000000003,23,0.0,0.0,0.0,False,,0,3,,
CraigVenter_2008:0004:53.74-68.57,CraigVenter_2008,4,14.829999999999991,38,0.07894736842105263,0.07894736842105263,0.0,False,,0,3,,
CraigVenter_2008:0005:68.57-73.34,CraigVenter_2008,5,4.77000000000001,10,0.0,0.0,0.0,False,0.3,1,2,2.0,0.125
CraigVenter_2008:0006:73.34-88.94,CraigVenter_2008,6,15.599999999999994,36,0.05555555555555555,0.05555555555555555,0.0,False,,0,3,,
CraigVenter_2008:0007:88.94-94.25,CraigVenter_2008,7,5.310000000000002,18,0.05555555555555555,0.05555555555555555,0.0,False,,0,3,,
CraigVenter_2008:0008:94.25-104.53,CraigVenter_2008,8,10.280000000000001,34,0.08823529411764706,0.08823529411764706,0.0,False,,0,3,,
CraigVenter_2008:0009:104.53-117.45,CraigVenter_2008,9,12.920000000000002,36,0.1111111111111111,0.1111111111111111,0.0,False,,0,3,,
CraigVenter_2008:0010:117.45-126.15,CraigVenter_2008,10,8.700000000000003,19,0.0,0.0,0.0,False,,0,3,,
CraigVenter_2008:0011:126.15-134.20,CraigVenter_2008,11,8.049999999999983,19,0.0,0.0,0.0,False,,0,3,,
CraigVenter_2008:0012:134.20-149.05,CraigVenter_2008,12,14.850000000000023,39,0.07692307692307693,0.07692307692307693,0.0,False,,0,3,,
CraigVenter_2008:0013:149.05-155.26,CraigVenter_2008,13,6.2099999999999795,13,0.07692307692307693,0.07692307692307693,0.0,False,,0,3,,
CraigVenter_2008:0014:155.26-167.02,CraigVenter_2008,14,11.76000000000002,28,0.07142857142857142,0.07142857142857142,0.0,False,,0,3,,
CraigVenter_2008:0015:167.02-177.42,CraigVenter_2008,15,10.399999999999977,24,0.08333333333333333,0.08333333333333333,0.0,False,,0,3,,
CraigVenter_2008:0016:177.42-189.16,CraigVenter_2008,16,11.740000000000009,31,0.06451612903225806,0.06451612903225806,0.0,False,,0,3,,
CraigVenter_2008:0017:189.16-199.62,CraigVenter_2008,17,10.460000000000008,37,0.08108108108108109,0.08108108108108109,0.0,False,,0,3,,
CraigVenter_2008:0018:199.62-216.92,CraigVenter_2008,18,17.299999999999983,44,0.13636363636363635,0.13636363636363635,0.0,False,,0,3,,
CraigVenter_2008:0019:216.92-223.26,CraigVenter_2008,19,6.340000000000003,18,0.1111111111111111,0.1111111111111111,0.0,False,,0,3,,
CraigVenter_2008:0020:223.26-241.15,CraigVenter_2008,20,17.890000000000015,46,0.10869565217391304,0.10869565217391304,0.0,False,,0,3,,
CraigVenter_2008:0021:242.53-245.32,CraigVenter_2008,21,2.789999999999992,9,0.2222222222222222,0.2222222222222222,0.0,False,,0,3,,
CraigVenter_2008:0022:247.36-259.27,CraigVenter_2008,22,11.909999999999968,36,0.0,0.0,0.0,False,,0,3,,
CraigVenter_2008:0023:259.28-272.95,CraigVenter_2008,23,13.670000000000016,40,0.175,0.175,0.0,False,,0,3,,
CraigVenter_2008:0024:272.95-282.78,CraigVenter_2008,24,9.829999999999984,22,0.0,0.0,0.0,False,,0,3,,
CraigVenter_2008:0025:282.78-297.29,CraigVenter_2008,25,14.510000000000048,43,0.18604651162790697,0.18604651162790697,0.0,False,,0,3,,
CraigVenter_2008:0026:297.29-307.79,CraigVenter_2008,26,10.5,28,0.0,0.0,0.0,False,,0,3,,
CraigVenter_2008:0027:307.79-327.39,CraigVenter_2008,27,19.599999999999966,58,0.1206896551724138,0.1206896551724138,0.0,False,,0,3,,
CraigVenter_2008:0028:327.39-341.67,CraigVenter_2008,28,14.28000000000003,35,0.08571428571428572,0.08571428571428572,0.0,False,,0,3,,
CraigVenter_2008:0029:341.67-356.97,CraigVenter_2008,29,15.300000000000011,36,0.1111111111111111,0.1111111111111111,0.0,False,,0,3,,
CraigVenter_2008:0030:356.97-376.46,CraigVenter_2008,30,19.489999999999952,61,0.04918032786885246,0.04918032786885246,0.0,False,,0,3,,
CraigVenter_2008:0031:376.46-385.14,CraigVenter_2008,31,8.680000000000007,20,0.0,0.0,0.0,False,,0,3,,
CraigVenter_2008:0032:385.15-391.62,CraigVenter_2008,32,6.470000000000027,19,0.2631578947368421,0.2631578947368421,0.0,False,,0,3,,
CraigVenter_2008:0033:391.19-404.00,CraigVenter_2008,33,12.810000000000002,27,0.18518518518518517,0.18518518518518517,0.0,False,,0,3,,
CraigVenter_2008:0034:404.00-415.08,CraigVenter_2008,34,11.079999999999984,33,0.24242424242424243,0.24242424242424243,0.0,False,,0,3,,
CraigVenter_2008:0035:415.08-427.36,CraigVenter_2008,35,12.28000000000003,36,0.08333333333333333,0.08333333333333333,0.0,False,,0,3,,
CraigVenter_2008:0036:427.36-448.86,CraigVenter_2008,36,21.5,59,0.06779661016949153,0.06779661016949153,0.0,False,0.9152542372881356,3,3,3.0,0.1875
CraigVenter_2008:0037:448.86-464.77,CraigVenter_2008,37,15.909999999999968,39,0.15384615384615385,0.15384615384615385,0.0,False,,0,3,,
CraigVenter_2008:0038:464.77-479.22,CraigVenter_2008,38,14.450000000000045,39,0.07692307692307693,0.07692307692307693,0.0,False,,0,3,,
CraigVenter_2008:0039:479.22-497.31,CraigVenter_2008,39,18.089999999999975,53,0.1509433962264151,0.1509433962264151,0.0,False,,0,3,,
CraigVenter_2008:0040:497.31-512.64,CraigVenter_2008,40,15.329999999999984,44,0.1590909090909091,0.1590909090909091,0.0,False,,0,3,,
CraigVenter_2008:0041:512.64-528.19,CraigVenter_2008,41,15.550000000000068,40,0.05,0.05,0.0,False,,0,3,,
CraigVenter_2008:0042:528.19-544.03,CraigVenter_2008,42,15.839999999999918,44,0.045454545454545456,0.045454545454545456,0.0,False,,0,3,,
CraigVenter_2008:0043:544.03-552.14,CraigVenter_2008,43,8.110000000000014,30,0.06666666666666667,0.06666666666666667,0.0,False,,0,3,,
CraigVenter_2008:0044:552.14-571.84,CraigVenter_2008,44,19.700000000000045,58,0.06896551724137931,0.06896551724137931,0.0,False,,0,3,,
CraigVenter_2008:0045:571.84-596.00,CraigVenter_2008,45,24.159999999999968,68,0.10294117647058823,0.10294117647058823,0.0,False,,0,6,,
CraigVenter_2008:0046:596.00-607.69,CraigVenter_2008,46,11.690000000000055,35,0.08571428571428572,0.08571428571428572,0.0,False,,0,3,,
CraigVenter_2008:0047:607.69-614.46,CraigVenter_2008,47,6.769999999999982,21,0.23809523809523808,0.23809523809523808,0.0,False,,0,3,,
CraigVenter_2008:0048:614.46-624.53,CraigVenter_2008,48,10.069999999999936,19,0.10526315789473684,0.10526315789473684,0.0,False,,0,3,,
CraigVenter_2008:0049:624.53-632.68,CraigVenter_2008,49,8.149999999999977,17,0.0,0.0,0.0,False,,0,3,,
CraigVenter_2008:0050:632.68-644.55,CraigVenter_2008,50,11.870000000000005,29,0.0,0.0,0.0,False,,0,3,,
CraigVenter_2008:0051:644.66-648.90,CraigVenter_2008,51,4.240000000000009,16,0.0,0.0,0.0,False,,0,3,,
CraigVenter_2008:0052:648.90-663.25,CraigVenter_2008,52,14.350000000000023,44,0.0,0.0,0.0,False,,0,3,,
CraigVenter_2008:0053:663.25-679.70,CraigVenter_2008,53,16.450000000000045,39,0.1282051282051282,0.1282051282051282,0.0,False,,0,3,,
CraigVenter_2008:0054:679.78-682.59,CraigVenter_2008,54,2.810000000000059,5,0.0,0.0,0.0,False,,0,3,,
CraigVenter_2008:0055:682.60-699.35,CraigVenter_2008,55,16.75,47,0.02127659574468085,0.02127659574468085,0.0,False,,0,3,,
CraigVenter_2008:0056:699.35-710.11,CraigVenter_2008,56,10.759999999999991,29,0.034482758620689655,0.034482758620689655,0.0,False,,0,3,,
CraigVenter_2008:0057:710.11-722.98,CraigVenter_2008,57,12.870000000000005,32,0.09375,0.09375,0.0,False,,0,3,,
CraigVenter_2008:0058:722.98-733.12,CraigVenter_2008,58,10.139999999999986,19,0.0,0.0,0.0,False,,0,3,,
CraigVenter_2008:0059:733.12-739.52,CraigVenter_2008,59,6.399999999999977,18,0.0,0.0,0.0,False,,0,3,,
CraigVenter_2008:0060:739.52-760.87,CraigVenter_2008,60,21.350000000000023,49,0.061224489795918366,0.061224489795918366,0.0,False,,0,6,,
CraigVenter_2008:0061:760.87-767.08,CraigVenter_2008,61,6.210000000000036,13,0.23076923076923078,0.23076923076923078,0.0,False,,0,3,,
CraigVenter_2008:0062:767.08-779.96,CraigVenter_2008,62,12.879999999999995,28,0.03571428571428571,0.03571428571428571,0.0,False,,0,3,,
CraigVenter_2008:0063:779.96-791.01,CraigVenter_2008,63,11.049999999999955,29,0.13793103448275862,0.13793103448275862,0.0,False,,0,3,,
CraigVenter_2008:0064:791.01-807.20,CraigVenter_2008,64,16.190000000000055,41,0.14634146341463414,0.14634146341463414,0.0,False,,0,3,,
CraigVenter_2008:0065:807.20-829.00,CraigVenter_2008,65,21.799999999999955,62,0.12903225806451613,0.12903225806451613,0.0,False,1.0,3,3,3.6666666666666665,0.22916666666666666
CraigVenter_2008:0066:829.00-831.82,CraigVenter_2008,66,2.82000000000005,7,0.0,0.0,0.0,False,,0,3,,
CraigVenter_2008:0067:836.36-853.28,CraigVenter_2008,67,16.91999999999996,46,0.08695652173913043,0.08695652173913043,0.0,False,,0,3,,
CraigVenter_2008:0068:853.28-869.13,CraigVenter_2008,68,15.850000000000023,38,0.21052631578947367,0.21052631578947367,0.0,False,,0,3,,
CraigVenter_2008:0069:869.13-874.60,CraigVenter_2008,69,5.470000000000027,15,0.0,0.0,0.0,False,0.0,1,2,2.0,0.125
CraigVenter_2008:0070:874.72-883.61,CraigVenter_2008,70,8.889999999999986,24,0.0,0.0,0.0,False,,0,3,,
CraigVenter_2008:0071:888.00-891.32,CraigVenter_2008,71,3.32000000000005,12,0.08333333333333333,0.08333333333333333,0.0,False,,0,3,,
CraigVenter_2008:0072:891.32-907.10,CraigVenter_2008,72,15.779999999999973,49,0.04081632653061224,0.04081632653061224,0.0,False,,0,3,,
CraigVenter_2008:0073:907.11-912.86,CraigVenter_2008,73,5.75,12,0.25,0.25,0.0,False,,0,3,,
CraigVenter_2008:0074:912.86-919.50,CraigVenter_2008,74,6.639999999999986,16,0.0625,0.0625,0.0,False,,0,3,,
CraigVenter_2008:0075:919.50-937.14,CraigVenter_2008,75,17.639999999999986,42,0.16666666666666666,0.16666666666666666,0.0,False,,0,3,,
DavidMerrill_2009:0000:11.48-25.62,DavidMerrill_2009,0,14.14,53,0.07547169811320754,0.07547169811320754,0.0,False,,0,3,,
DavidMerrill_2009:0001:25.62-31.81,DavidMerrill_2009,1,6.189999999999998,17,0.058823529411764705,0.058823529411764705,0.0,False,,0,3,,
DavidMerrill_2009:0002:31.81-41.11,DavidMerrill_2009,2,9.3,28,0.14285714285714285,0.14285714285714285,0.0,False,,0,3,,
DavidMerrill_2009:0003:41.11-53.61,DavidMerrill_2009,3,12.5,45,0.044444444444444446,0.044444444444444446,0.0,False,,0,3,,
DavidMerrill_2009:0004:53.61-58.99,DavidMerrill_2009,4,5.380000000000003,15,0.06666666666666667,0.06666666666666667,0.0,False,,0,3,,
DavidMerrill_2009:0005:58.99-70.51,DavidMerrill_2009,5,11.520000000000003,42,0.11904761904761904,0.11904761904761904,0.0,False,,0,3,,
DavidMerrill_2009:0006:70.51-81.51,DavidMerrill_2009,6,11.0,34,0.08823529411764706,0.08823529411764706,0.0,False,,0,3,,
DavidMerrill_2009:0007:81.51-99.81,DavidMerrill_2009,7,18.299999999999997,76,0.14473684210526316,0.14473684210526316,0.0,False,,0,3,,
DavidMerrill_2009:0008:99.81-107.29,DavidMerrill_2009,8,7.480000000000004,25,0.0,0.0,0.0,False,,0,3,,
DavidMerrill_2009:0009:107.29-116.59,DavidMerrill_2009,9,9.299999999999997,23,0.17391304347826086,0.17391304347826086,0.0,False,,0,3,,
DavidMerrill_2009:0010:116.59-124.24,DavidMerrill_2009,10,7.6499999999999915,21,0.047619047619047616,0.047619047619047616,0.0,False,,0,3,,
DavidMerrill_2009:0011:124.24-137.32,DavidMerrill_2009,11,13.079999999999998,51,0.1568627450980392,0.1568627450980392,0.0,False,,0,3,,
DavidMerrill_2009:0012:139.53-150.53,DavidMerrill_2009,12,11.0,35,0.05714285714285714,0.05714285714285714,0.0,False,,0,3,,
DavidMerrill_2009:0013:153.22-165.98,DavidMerrill_2009,13,12.759999999999991,45,0.06666666666666667,0.06666666666666667,0.0,False,,0,3,,
DavidMerrill_2009:0014:165.98-174.40,DavidMerrill_2009,14,8.420000000000016,32,0.09375,0.09375,0.0,False,,0,3,,
DavidMerrill_2009:0015:176.32-177.21,DavidMerrill_2009,15,0.8900000000000148,2,0.0,0.0,0.0,False,2.5,3,0,5.666666666666667,0.3541666666666667
DavidMerrill_2009:0016:178.65-185.76,DavidMerrill_2009,16,7.109999999999985,29,0.034482758620689655,0.034482758620689655,0.0,False,,0,3,,
DavidMerrill_2009:0017:191.93-201.85,DavidMerrill_2009,17,9.919999999999987,41,0.024390243902439025,0.024390243902439025,0.0,False,,0,3,,
DavidMerrill_2009:0018:202.49-204.87,DavidMerrill_2009,18,2.3799999999999955,9,0.0,0.0,0.0,False,,0,3,,
DavidMerrill_2009:0019:212.16-215.63,DavidMerrill_2009,19,3.469999999999999,11,0.0,0.0,0.0,False,,0,3,,
DavidMerrill_2009:0020:217.01-225.65,DavidMerrill_2009,20,8.640000000000015,20,0.15,0.15,0.0,False,,0,3,,
DavidMerrill_2009:0021:225.65-237.16,DavidMerrill_2009,21,11.509999999999991,23,0.043478260869565216,0.043478260869565216,0.0,False,,0,3,,
DavidMerrill_2009:0022:237.16-246.46,DavidMerrill_2009,22,9.300000000000011,31,0.0967741935483871,0.0967741935483871,0.0,False,,0,3,,
DavidMerrill_2009:0023:246.46-248.67,DavidMerrill_2009,23,2.2099999999999795,4,0.0,0.0,0.0,False,,0,3,,
DavidMerrill_2009:0024:249.81-251.59,DavidMerrill_2009,24,1.7800000000000011,9,0.0,0.0,0.0,False,,0,3,,
DavidMerrill_2009:0025:254.17-255.71,DavidMerrill_2009,25,1.5400000000000205,3,0.3333333333333333,0.3333333333333333,0.0,False,,0,3,,
DavidMerrill_2009:0026:255.90-258.76,DavidMerrill_2009,26,2.859999999999985,3,1.0,1.0,0.0,False,,3,0,5.0,0.3125
DavidMerrill_2009:0027:258.76-263.58,DavidMerrill_2009,27,4.819999999999993,18,0.2222222222222222,0.2222222222222222,0.0,False,,0,3,,
DavidMerrill_2009:0028:264.27-265.73,DavidMerrill_2009,28,1.4600000000000364,4,0.25,0.25,0.0,False,,0,3,,
DavidMerrill_2009:0029:265.73-267.82,DavidMerrill_2009,29,2.089999999999975,1,1.0,1.0,0.0,False,,0,3,,
DavidMerrill_2009:0030:267.82-271.50,DavidMerrill_2009,30,3.680000000000007,14,0.0,0.0,0.0,False,,0,3,,
DavidMerrill_2009:0031:275.92-277.21,DavidMerrill_2009,31,1.2899999999999636,3,1.0,1.0,0.0,False,,0,3,,
DavidMerrill_2009:0032:281.65-294.64,DavidMerrill_2009,32,12.990000000000009,35,0.14285714285714285,0.14285714285714285,0.0,False,,0,3,,
DavidMerrill_2009:0033:294.84-304.65,DavidMerrill_2009,33,9.810000000000002,36,0.0,0.0,0.0,False,,0,3,,
DavidMerrill_2009:0034:304.65-315.72,DavidMerrill_2009,34,11.07000000000005,40,0.25,0.25,0.0,False,,0,3,,
DavidMerrill_2009:0035:315.73-322.60,DavidMerrill_2009,35,6.8700000000000045,20,0.0,0.0,0.0,False,,0,3,,
DavidMerrill_2009:0036:324.76-327.12,DavidMerrill_2009,36,2.3600000000000136,7,0.2857142857142857,0.2857142857142857,0.0,False,1.4285714285714286,3,0,3.0,0.1875
DavidMerrill_2009:0037:327.12-331.81,DavidMerrill_2009,37,4.689999999999998,9,0.1111111111111111,0.1111111111111111,0.0,False,,0,3,,
DavidMerrill_2009:0038:331.81-336.83,DavidMerrill_2009,38,5.019999999999982,13,0.38461538461538464,0.38461538461538464,0.0,False,,0,3,,
DavidMerrill_2009:0039:342.06-343.99,DavidMerrill_2009,39,1.9300000000000068,7,0.14285714285714285,0.14285714285714285,0.0,False,,0,3,,
DavidMerrill_2009:0040:348.65-352.49,DavidMerrill_2009,40,3.840000000000032,17,0.47058823529411764,0.47058823529411764,0.0,False,,0,3,,
DavidMerrill_2009:0041:354.19-360.06,DavidMerrill_2009,41,5.8700000000000045,17,0.058823529411764705,0.058823529411764705,0.0,False,,0,3,,
DavidMerrill_2009:0042:360.06-363.77,DavidMerrill_2009,42,3.7099999999999795,14,0.07142857142857142,0.07142857142857142,0.0,False,,0,3,,
DavidMerrill_2009:0043:368.67-376.17,DavidMerrill_2009,43,7.5,32,0.03125,0.03125,0.0,False,,0,3,,
DavidMerrill_2009:0044:376.17-382.22,DavidMerrill_2009,44,6.050000000000011,18,0.2777777777777778,0.2777777777777778,0.0,False,,0,3,,
DavidMerrill_2009:0045:388.12-389.87,DavidMerrill_2009,45,1.75,3,0.0,0.0,0.0,False,1.0,2,1,3.5,0.21875
DavidMerrill_2009:0046:390.99-401.08,DavidMerrill_2009,46,10.089999999999975,34,0.029411764705882353,0.029411764705882353,0.0,False,,0,3,,
DavidMerrill_2009:0047:401.08-406.50,DavidMerrill_2009,47,5.420000000000016,23,0.17391304347826086,0.17391304347826086,0.0,False,,0,3,,
DavidMerrill_2009:0048:406.50-420.82,DavidMerrill_2009,48,14.319999999999993,52,0.0,0.0,0.0,False,,0,3,,
ElizabethGilbert_2009:0000:12.80-27.15,ElizabethGilbert_2009,0,14.349999999999998,41,0.0,0.0,0.0,False,,0,3,,
ElizabethGilbert_2009:0001:27.15-37.16,ElizabethGilbert_2009,1,10.009999999999998,30,0.03333333333333333,0.03333333333333333,0.0,False,,0,3,,
ElizabethGilbert_2009:0002:37.22-59.07,ElizabethGilbert_2009,2,21.85,59,0.01694915254237288,0.01694915254237288,0.0,False,,0,6,,
ElizabethGilbert_2009:0003:59.08-79.14,ElizabethGilbert_2009,3,20.060000000000002,68,0.07352941176470588,0.07352941176470588,0.0,False,,0,3,,
ElizabethGilbert_2009:0004:79.14-94.42,ElizabethGilbert_2009,4,15.280000000000001,59,0.03389830508474576,0.03389830508474576,0.0,False,,0,3,,
ElizabethGilbert_2009:0005:94.42-111.18,ElizabethGilbert_2009,5,16.760000000000005,70,0.04285714285714286,0.04285714285714286,0.0,False,,0,3,,
ElizabethGilbert_2009:0006:112.33-115.64,ElizabethGilbert_2009,6,3.3100000000000023,9,0.2222222222222222,0.3333333333333333,0.1111111111111111,False,0.4444444444444444,1,2,3.0,0.1875
ElizabethGilbert_2009:0007:115.65-128.00,ElizabethGilbert_2009,7,12.349999999999994,42,0.09523809523809523,0.09523809523809523,0.0,False,,0,3,,
ElizabethGilbert_2009:0008:128.00-148.14,ElizabethGilbert_2009,8,20.139999999999986,68,0.014705882352941176,0.014705882352941176,0.0,False,,0,3,,
ElizabethGilbert_2009:0009:148.14-161.55,ElizabethGilbert_2009,9,13.410000000000025,39,0.02564102564102564,0.02564102564102564,0.0,False,,0,3,,
ElizabethGilbert_2009:0010:161.55-177.28,ElizabethGilbert_2009,10,15.72999999999999,54,0.05555555555555555,0.05555555555555555,0.0,False,,0,3,,
ElizabethGilbert_2009:0011:176.87-187.00,ElizabethGilbert_2009,11,10.129999999999995,26,0.038461538461538464,0.038461538461538464,0.0,False,,0,3,,
ElizabethGilbert_2009:0012:187.18-202.02,ElizabethGilbert_2009,12,14.840000000000003,46,0.0,0.0,0.0,False,,0,3,,
ElizabethGilbert_2009:0013:202.02-214.46,ElizabethGilbert_2009,13,12.439999999999998,39,0.05128205128205128,0.05128205128205128,0.0,False,,0,3,,
ElizabethGilbert_2009:0014:214.47-222.80,ElizabethGilbert_2009,14,8.330000000000013,26,0.038461538461538464,0.038461538461538464,0.0,False,,0,3,,
ElizabethGilbert_2009:0015:223.00-231.43,ElizabethGilbert_2009,15,8.430000000000007,32,0.0,0.0,0.0,False,,0,3,,
ElizabethGilbert_2009:0016:231.43-251.09,ElizabethGilbert_2009,16,19.659999999999997,54,0.018518518518518517,0.018518518518518517,0.0,False,,0,3,,
ElizabethGilbert_2009:0017:251.09-269.62,ElizabethGilbert_2009,17,18.53,69,0.17391304347826086,0.17391304347826086,0.0,False,,0,3,,
ElizabethGilbert_2009:0018:269.62-287.49,ElizabethGilbert_2009,18,17.870000000000005,54,0.05555555555555555,0.05555555555555555,0.0,False,,0,3,,
ElizabethGilbert_2009:0019:287.49-305.67,ElizabethGilbert_2009,19,18.180000000000007,62,0.0,0.0,0.0,False,,0,3,,
ElizabethGilbert_2009:0020:305.67-312.30,ElizabethGilbert_2009,20,6.6299999999999955,27,0.14814814814814814,0.14814814814814814,0.0,False,,0,3,,
ElizabethGilbert_2009:0021:312.30-321.30,ElizabethGilbert_2009,21,9.0,32,0.0,0.0,0.0,False,,0,3,,
ElizabethGilbert_2009:0022:321.30-334.55,ElizabethGilbert_2009,22,13.25,50,0.02,0.02,0.0,False,,0,3,,
ElizabethGilbert_2009:0023:334.55-347.62,ElizabethGilbert_2009,23,13.069999999999993,44,0.022727272727272728,0.022727272727272728,0.0,False,,0,3,,
ElizabethGilbert_2009:0024:347.62-362.73,ElizabethGilbert_2009,24,15.110000000000014,61,0.0,0.0,0.0,False,,0,3,,
ElizabethGilbert_2009:0025:362.73-375.78,ElizabethGilbert_2009,25,13.049999999999955,35,0.08571428571428572,0.08571428571428572,0.0,False,,0,3,,
ElizabethGilbert_2009:0026:375.78-402.03,ElizabethGilbert_2009,26,26.25,68,0.16176470588235295,0.16176470588235295,0.0,False,,0,6,,
ElizabethGilbert_2009:0027:402.03-413.14,ElizabethGilbert_2009,27,11.110000000000014,32,0.09375,0.09375,0.0,False,,0,3,,
ElizabethGilbert_2009:0028:413.14-418.41,ElizabethGilbert_2009,28,5.270000000000039,17,0.058823529411764705,0.058823529411764705,0.0,False,,0,3,,
ElizabethGilbert_2009:0029:418.41-427.32,ElizabethGilbert_2009,29,8.909999999999968,22,0.09090909090909091,0.09090909090909091,0.0,False,,0,3,,
ElizabethGilbert_2009:0030:427.33-448.82,ElizabethGilbert_2009,30,21.49000000000001,72,0.06944444444444445,0.06944444444444445,0.0,False,,2,4,5.5,0.34375
ElizabethGilbert_2009:0031:448.82-455.75,ElizabethGilbert_2009,31,6.930000000000007,22,0.0,0.0,0.0,False,,0,3,,
ElizabethGilbert_2009:0032:455.75-468.16,ElizabethGilbert_2009,32,12.410000000000025,41,0.12195121951219512,0.12195121951219512,0.0,False,,0,3,,
ElizabethGilbert_2009:0033:468.16-473.04,ElizabethGilbert_2009,33,4.8799999999999955,15,0.0,0.0,0.0,False,0.06666666666666667,1,2,2.0,0.125
ElizabethGilbert_2009:0034:470.92-495.84,ElizabethGilbert_2009,34,24.91999999999996,85,0.1411764705882353,0.1411764705882353,0.0,False,,0,6,,
ElizabethGilbert_2009:0035:495.84-504.75,ElizabethGilbert_2009,35,8.910000000000025,32,0.0,0.0,0.0,False,,0,3,,
ElizabethGilbert_2009:0036:504.75-527.75,ElizabethGilbert_2009,36,23.0,64,0.046875,0.046875,0.0,False,,0,6,,
ElizabethGilbert_2009:0037:527.75-536.06,ElizabethGilbert_2009,37,8.309999999999945,25,0.2,0.2,0.0,False,,0,3,,
ElizabethGilbert_2009:0038:536.07-543.48,ElizabethGilbert_2009,38,7.409999999999968,23,0.043478260869565216,0.043478260869565216,0.0,False,,0,3,,
ElizabethGilbert_2009:0039:543.48-556.33,ElizabethGilbert_2009,39,12.850000000000023,31,0.0,0.0,0.0,False,,0,3,,
ElizabethGilbert_2009:0040:556.33-575.16,ElizabethGilbert_2009,40,18.829999999999927,48,0.08333333333333333,0.08333333333333333,0.0,False,,0,3,,
ElizabethGilbert_2009:0041:575.16-593.32,ElizabethGilbert_2009,41,18.160000000000082,60,0.05,0.05,0.0,False,,0,3,,
ElizabethGilbert_2009:0042:593.32-602.74,ElizabethGilbert_2009,42,9.419999999999959,29,0.0,0.0,0.0,False,,0,3,,
ElizabethGilbert_2009:0043:602.74-610.61,ElizabethGilbert_2009,43,7.8700000000000045,16,0.0,0.0,0.0,False,,0,3,,
ElizabethGilbert_2009:0044:610.61-629.15,ElizabethGilbert_2009,44,18.539999999999964,64,0.078125,0.078125,0.0,False,,0,3,,
ElizabethGilbert_2009:0045:629.15-646.31,ElizabethGilbert_2009,45,17.159999999999968,72,0.05555555555555555,0.05555555555555555,0.0,False,,0,3,,
ElizabethGilbert_2009:0046:646.31-669.04,ElizabethGilbert_2009,46,22.730000000000018,103,0.11650485436893204,0.11650485436893204,0.0,False,,0,6,,
ElizabethGilbert_2009:0047:669.05-688.48,ElizabethGilbert_2009,47,19.430000000000064,80,0.0375,0.0375,0.0,False,,0,3,,
ElizabethGilbert_2009:0048:688.48-703.62,ElizabethGilbert_2009,48,15.139999999999986,48,0.0,0.0,0.0,False,,0,3,,
ElizabethGilbert_2009:0049:705.22-712.78,ElizabethGilbert_2009,49,7.559999999999945,24,0.041666666666666664,0.041666666666666664,0.0,False,,0,3,,
ElizabethGilbert_2009:0050:716.04-731.14,ElizabethGilbert_2009,50,15.100000000000023,67,0.029850746268656716,0.029850746268656716,0.0,False,,0,3,,
ElizabethGilbert_2009:0051:731.14-751.77,ElizabethGilbert_2009,51,20.629999999999995,75,0.04,0.04,0.0,False,,3,3,7.333333333333333,0.4583333333333333
ElizabethGilbert_2009:0052:751.77-767.96,ElizabethGilbert_2009,52,16.190000000000055,64,0.09375,0.09375,0.0,False,,0,3,,
ElizabethGilbert_2009:0053:767.96-783.52,ElizabethGilbert_2009,53,15.559999999999945,64,0.03125,0.03125,0.0,False,,0,3,,
ElizabethGilbert_2009:0054:783.52-797.79,ElizabethGilbert_2009,54,14.269999999999982,63,0.031746031746031744,0.031746031746031744,0.0,False,,0,3,,
ElizabethGilbert_2009:0055:797.79-811.76,ElizabethGilbert_2009,55,13.970000000000027,65,0.06153846153846154,0.06153846153846154,0.0,False,,0,3,,
ElizabethGilbert_2009:0056:811.76-818.47,ElizabethGilbert_2009,56,6.710000000000036,22,0.0,0.0,0.0,False,,0,3,,
ElizabethGilbert_2009:0057:821.89-836.64,ElizabethGilbert_2009,57,14.75,46,0.06521739130434782,0.06521739130434782,0.0,False,,0,3,,
ElizabethGilbert_2009:0058:836.64-841.42,ElizabethGilbert_2009,58,4.779999999999973,16,0.0,0.0,0.0,False,,0,3,,
ElizabethGilbert_2009:0059:841.43-853.16,ElizabethGilbert_2009,59,11.730000000000018,45,0.044444444444444446,0.044444444444444446,0.0,False,,0,3,,
ElizabethGilbert_2009:0060:853.16-865.95,ElizabethGilbert_2009,60,12.790000000000077,36,0.05555555555555555,0.05555555555555555,0.0,False,,0,3,,
ElizabethGilbert_2009:0061:865.95-884.99,ElizabethGilbert_2009,61,19.039999999999964,91,0.06593406593406594,0.06593406593406594,0.0,False,,0,3,,
ElizabethGilbert_2009:0062:884.99-905.24,ElizabethGilbert_2009,62,20.25,69,0.15942028985507245,0.15942028985507245,0.0,False,,0,3,,
ElizabethGilbert_2009:0063:905.24-920.38,ElizabethGilbert_2009,63,15.139999999999986,71,0.11267605633802817,0.11267605633802817,0.0,False,,0,3,,
ElizabethGilbert_2009:0064:920.38-928.67,ElizabethGilbert_2009,64,8.289999999999964,39,0.02564102564102564,0.02564102564102564,0.0,False,,0,3,,
ElizabethGilbert_2009:0065:932.56-943.19,ElizabethGilbert_2009,65,10.63000000000011,23,0.13043478260869565,0.13043478260869565,0.0,False,,0,3,,
ElizabethGilbert_2009:0066:943.19-960.05,ElizabethGilbert_2009,66,16.8599999999999,52,0.038461538461538464,0.038461538461538464,0.0,False,,0,3,,
ElizabethGilbert_2009:0067:960.05-976.60,ElizabethGilbert_2009,67,16.550000000000068,70,0.04285714285714286,0.04285714285714286,0.0,False,,0,3,,
ElizabethGilbert_2009:0068:976.60-995.26,ElizabethGilbert_2009,68,18.659999999999968,70,0.04285714285714286,0.04285714285714286,0.0,False,,0,3,,
ElizabethGilbert_2009:0069:995.27-1002.40,ElizabethGilbert_2009,69,7.1299999999999955,11,0.45454545454545453,0.45454545454545453,0.0,False,,0,3,,
ElizabethGilbert_2009:0070:1002.41-1008.74,ElizabethGilbert_2009,70,6.330000000000041,12,0.16666666666666666,0.16666666666666666,0.0,False,,0,3,,
ElizabethGilbert_2009:0071:1008.74-1027.56,ElizabethGilbert_2009,71,18.819999999999936,53,0.49056603773584906,0.49056603773584906,0.0,False,,0,3,,
ElizabethGilbert_2009:0072:1027.56-1035.87,ElizabethGilbert_2009,72,8.309999999999945,20,0.0,0.0,0.0,False,,0,3,,
ElizabethGilbert_2009:0073:1035.88-1050.46,ElizabethGilbert_2009,73,14.579999999999927,52,0.019230769230769232,0.019230769230769232,0.0,False,,0,3,,
ElizabethGilbert_2009:0074:1050.46-1060.99,ElizabethGilbert_2009,74,10.529999999999973,38,0.02631578947368421,0.02631578947368421,0.0,False,,0,3,,
ElizabethGilbert_2009:0075:1060.99-1082.80,ElizabethGilbert_2009,75,21.809999999999945,73,0.0684931506849315,0.0684931506849315,0.0,False,,0,6,,
ElizabethGilbert_2009:0076:1082.80-1096.52,ElizabethGilbert_2009,76,13.720000000000027,56,0.07142857142857142,0.07142857142857142,0.0,False,,0,3,,
ElizabethGilbert_2009:0077:1096.52-1112.40,ElizabethGilbert_2009,77,15.88000000000011,42,0.047619047619047616,0.047619047619047616,0.0,False,,0,3,,
ElizabethGilbert_2009:0078:1112.40-1125.72,ElizabethGilbert_2009,78,13.319999999999936,40,0.075,0.075,0.0,False,,0,3,,
ElizabethGilbert_2009:0079:1125.73-1132.91,ElizabethGilbert_2009,79,7.180000000000064,16,0.125,0.125,0.0,False,,0,3,,
ElizabethGilbert_2009:0080:1132.91-1143.14,ElizabethGilbert_2009,80,10.230000000000018,33,0.15151515151515152,0.15151515151515152,0.0,False,,0,3,,
ElizabethGilbert_2009:0081:1143.32-1144.42,ElizabethGilbert_2009,81,1.1000000000001364,2,0.0,0.0,0.0,False,2.5,3,0,5.333333333333333,0.3333333333333333
WadeDavis_2003:0000:12.51-34.52,WadeDavis_2003,0,22.010000000000005,68,0.14705882352941177,0.14705882352941177,0.0,False,,0,6,,
WadeDavis_2003:0001:34.52-40.94,WadeDavis_2003,1,6.419999999999995,16,0.125,0.125,0.0,False,,0,3,,
WadeDavis_2003:0002:40.94-62.52,WadeDavis_2003,2,21.580000000000005,62,0.12903225806451613,0.12903225806451613,0.0,False,0.9838709677419355,1,5,2.0,0.125
WadeDavis_2003:0003:62.52-75.42,WadeDavis_2003,3,12.899999999999999,48,0.16666666666666666,0.16666666666666666,0.0,False,,0,3,,
WadeDavis_2003:0004:75.42-90.22,WadeDavis_2003,4,14.799999999999997,44,0.11363636363636363,0.11363636363636363,0.0,False,,0,3,,
WadeDavis_2003:0005:90.22-98.81,WadeDavis_2003,5,8.590000000000003,18,0.4444444444444444,0.4444444444444444,0.0,False,,0,3,,
WadeDavis_2003:0006:98.81-107.64,WadeDavis_2003,6,8.829999999999998,25,0.16,0.16,0.0,False,,0,3,,
WadeDavis_2003:0007:107.65-123.31,WadeDavis_2003,7,15.659999999999997,58,0.2413793103448276,0.2413793103448276,0.0,False,,0,3,,
WadeDavis_2003:0008:123.31-163.23,WadeDavis_2003,8,39.91999999999999,126,0.20634920634920634,0.20634920634920634,0.0,False,,0,6,,
WadeDavis_2003:0009:163.23-180.04,WadeDavis_2003,9,16.810000000000002,58,0.22413793103448276,0.22413793103448276,0.0,False,,0,3,,
WadeDavis_2003:0010:180.04-192.41,WadeDavis_2003,10,12.370000000000005,39,0.02564102564102564,0.02564102564102564,0.0,False,,0,3,,
WadeDavis_2003:0011:192.41-214.22,WadeDavis_2003,11,21.810000000000002,69,0.18840579710144928,0.18840579710144928,0.0,False,,0,6,,
WadeDavis_2003:0012:214.22-238.47,WadeDavis_2003,12,24.25,82,0.17073170731707318,0.17073170731707318,0.0,False,,0,6,,
WadeDavis_2003:0013:238.47-248.77,WadeDavis_2003,13,10.300000000000011,36,0.19444444444444445,0.19444444444444445,0.0,False,,0,3,,
WadeDavis_2003:0014:248.77-260.29,WadeDavis_2003,14,11.52000000000001,54,0.14814814814814814,0.14814814814814814,0.0,False,,0,3,,
WadeDavis_2003:0015:260.29-270.25,WadeDavis_2003,15,9.95999999999998,35,0.05714285714285714,0.05714285714285714,0.0,False,,0,3,,
WadeDavis_2003:0016:270.25-278.60,WadeDavis_2003,16,8.350000000000023,28,0.5714285714285714,0.5714285714285714,0.0,False,,0,3,,
WadeDavis_2003:0017:278.61-285.59,WadeDavis_2003,17,6.979999999999961,9,0.0,0.0,0.0,False,2.0,3,0,3.0,0.1875
WadeDavis_2003:0018:285.60-295.62,WadeDavis_2003,18,10.019999999999982,28,0.42857142857142855,0.42857142857142855,0.0,False,,0,3,,
WadeDavis_2003:0019:295.62-305.16,WadeDavis_2003,19,9.54000000000002,30,0.1,0.1,0.0,False,,0,3,,
WadeDavis_2003:0020:305.16-327.12,WadeDavis_2003,20,21.95999999999998,77,0.15584415584415584,0.15584415584415584,0.0,False,,0,6,,
WadeDavis_2003:0021:327.12-334.22,WadeDavis_2003,21,7.100000000000023,18,0.2222222222222222,0.2222222222222222,0.0,False,,0,3,,
WadeDavis_2003:0022:334.22-360.73,WadeDavis_2003,22,26.50999999999999,80,0.2875,0.2875,0.0,False,,0,6,,
WadeDavis_2003:0023:360.73-387.78,WadeDavis_2003,23,27.049999999999955,102,0.2549019607843137,0.2549019607843137,0.0,False,,0,6,,
WadeDavis_2003:0024:387.78-413.42,WadeDavis_2003,24,25.640000000000043,84,0.19047619047619047,0.19047619047619047,0.0,False,,0,6,,
WadeDavis_2003:0025:413.42-433.70,WadeDavis_2003,25,20.279999999999973,70,0.15714285714285714,0.15714285714285714,0.0,False,,0,3,,
WadeDavis_2003:0026:433.70-440.38,WadeDavis_2003,26,6.680000000000007,24,0.125,0.125,0.0,False,,0,3,,
WadeDavis_2003:0027:440.38-463.37,WadeDavis_2003,27,22.99000000000001,87,0.1724137931034483,0.1724137931034483,0.0,False,,0,6,,
WadeDavis_2003:0028:463.38-474.22,WadeDavis_2003,28,10.840000000000032,39,0.1794871794871795,0.1794871794871795,0.0,False,,0,3,,
WadeDavis_2003:0029:474.22-482.69,WadeDavis_2003,29,8.46999999999997,22,0.3181818181818182,0.3181818181818182,0.0,False,,0,3,,
WadeDavis_2003:0030:482.69-492.41,WadeDavis_2003,30,9.720000000000027,33,0.21212121212121213,0.21212121212121213,0.0,False,,0,3,,
WadeDavis_2003:0031:492.41-508.11,WadeDavis_2003,31,15.699999999999989,46,0.391304347826087,0.391304347826087,0.0,False,,0,3,,
WadeDavis_2003:0032:508.11-526.98,WadeDavis_2003,32,18.870000000000005,63,0.1746031746031746,0.1746031746031746,0.0,False,,0,3,,
WadeDavis_2003:0033:526.98-539.44,WadeDavis_2003,33,12.460000000000036,40,0.175,0.175,0.0,False,,0,3,,
WadeDavis_2003:0034:539.44-569.45,WadeDavis_2003,34,30.00999999999999,98,0.24489795918367346,0.24489795918367346,0.0,False,,0,6,,
WadeDavis_2003:0035:569.45-578.75,WadeDavis_2003,35,9.299999999999955,37,0.02702702702702703,0.02702702702702703,0.0,False,,0,3,,
WadeDavis_2003:0036:578.75-592.58,WadeDavis_2003,36,13.830000000000041,43,0.16279069767441862,0.16279069767441862,0.0,False,,0,3,,
WadeDavis_2003:0037:592.58-628.02,WadeDavis_2003,37,35.43999999999994,122,0.2540983606557377,0.2540983606557377,0.0,False,,0,6,,
WadeDavis_2003:0038:628.02-639.18,WadeDavis_2003,38,11.159999999999968,42,0.14285714285714285,0.14285714285714285,0.0,False,,0,3,,
WadeDavis_2003:0039:639.18-659.73,WadeDavis_2003,39,20.550000000000068,74,0.13513513513513514,0.13513513513513514,0.0,False,,3,3,10.666666666666666,0.6666666666666666
WadeDavis_2003:0040:659.73-673.36,WadeDavis_2003,40,13.629999999999995,52,0.23076923076923078,0.23076923076923078,0.0,False,,0,3,,
WadeDavis_2003:0041:673.36-691.26,WadeDavis_2003,41,17.899999999999977,59,0.1016949152542373,0.1016949152542373,0.0,False,,0,3,,
WadeDavis_2003:0042:691.26-704.20,WadeDavis_2003,42,12.940000000000055,30,0.2,0.2,0.0,False,,0,3,,
WadeDavis_2003:0043:704.20-717.36,WadeDavis_2003,43,13.159999999999968,44,0.25,0.25,0.0,False,,0,3,,
WadeDavis_2003:0044:717.36-731.58,WadeDavis_2003,44,14.220000000000027,35,0.6,0.6,0.0,False,,0,3,,
WadeDavis_2003:0045:731.58-749.78,WadeDavis_2003,45,18.199999999999932,51,0.2549019607843137,0.2549019607843137,0.0,False,,0,3,,
WadeDavis_2003:0046:749.78-753.79,WadeDavis_2003,46,4.009999999999991,13,1.0,1.0,0.0,False,,0,3,,
WadeDavis_2003:0047:753.79-774.30,WadeDavis_2003,47,20.50999999999999,75,0.18666666666666668,0.18666666666666668,0.0,False,,3,3,12.666666666666666,0.7916666666666666
WadeDavis_2003:0048:774.30-792.32,WadeDavis_2003,48,18.020000000000095,56,0.26785714285714285,0.26785714285714285,0.0,False,,0,3,,
WadeDavis_2003:0049:792.32-806.43,WadeDavis_2003,49,14.1099999999999,36,0.2777777777777778,0.2777777777777778,0.0,False,,0,3,,
WadeDavis_2003:0050:806.43-832.71,WadeDavis_2003,50,26.280000000000086,87,0.14942528735632185,0.14942528735632185,0.0,False,,0,6,,
WadeDavis_2003:0051:832.71-840.77,WadeDavis_2003,51,8.059999999999945,31,0.0967741935483871,0.0967741935483871,0.0,False,,0,3,,
WadeDavis_2003:0052:840.77-852.05,WadeDavis_2003,52,11.279999999999973,54,0.1111111111111111,0.1111111111111111,0.0,False,,0,3,,
WadeDavis_2003:0053:853.72-867.43,WadeDavis_2003,53,13.709999999999923,41,0.21951219512195122,0.21951219512195122,0.0,False,,0,3,,
WadeDavis_2003:0054:867.44-877.86,WadeDavis_2003,54,10.419999999999959,39,0.1794871794871795,0.1794871794871795,0.0,False,,0,3,,
WadeDavis_2003:0055:877.86-885.24,WadeDavis_2003,55,7.3799999999999955,20,0.2,0.2,0.0,False,,0,3,,
WadeDavis_2003:0056:885.24-906.61,WadeDavis_2003,56,21.370000000000005,75,0.2,0.21333333333333335,0.013333333333333336,False,0.9866666666666667,3,3,7.333333333333333,0.4583333333333333
WadeDavis_2003:0057:906.61-926.31,WadeDavis_2003,57,19.699999999999932,59,0.1694915254237288,0.1694915254237288,0.0,False,,0,3,,
WadeDavis_2003:0058:926.31-940.68,WadeDavis_2003,58,14.370000000000005,44,0.06818181818181818,0.06818181818181818,0.0,False,,0,3,,
WadeDavis_2003:0059:940.68-947.80,WadeDavis_2003,59,7.1200000000000045,28,0.10714285714285714,0.10714285714285714,0.0,False,,0,3,,
WadeDavis_2003:0060:947.80-956.57,WadeDavis_2003,60,8.770000000000095,36,0.1111111111111111,0.1111111111111111,0.0,False,,0,3,,
WadeDavis_2003:0061:956.57-986.13,WadeDavis_2003,61,29.559999999999945,93,0.11827956989247312,0.11827956989247312,0.0,False,,0,6,,
WadeDavis_2003:0062:986.13-991.66,WadeDavis_2003,62,5.529999999999973,18,0.16666666666666666,0.16666666666666666,0.0,False,,0,3,,
WadeDavis_2003:0063:991.66-1000.58,WadeDavis_2003,63,8.920000000000073,21,0.23809523809523808,0.23809523809523808,0.0,False,,0,3,,
WadeDavis_2003:0064:1000.58-1015.44,WadeDavis_2003,64,14.860000000000014,49,0.14285714285714285,0.14285714285714285,0.0,False,,0,3,,
WadeDavis_2003:0065:1015.44-1038.66,WadeDavis_2003,65,23.220000000000027,81,0.14814814814814814,0.14814814814814814,0.0,False,,0,6,,
WadeDavis_2003:0066:1038.66-1045.71,WadeDavis_2003,66,7.0499999999999545,20,0.05,0.05,0.0,False,,0,3,,
WadeDavis_2003:0067:1045.71-1054.34,WadeDavis_2003,67,8.629999999999882,34,0.35294117647058826,0.35294117647058826,0.0,False,,0,3,,
WadeDavis_2003:0068:1054.34-1069.21,WadeDavis_2003,68,14.870000000000118,44,0.18181818181818182,0.18181818181818182,0.0,False,,0,3,,
WadeDavis_2003:0069:1069.21-1086.82,WadeDavis_2003,69,17.6099999999999,57,0.08771929824561403,0.08771929824561403,0.0,False,,0,3,,
WadeDavis_2003:0070:1086.82-1105.60,WadeDavis_2003,70,18.779999999999973,64,0.078125,0.078125,0.0,False,,0,3,,
WadeDavis_2003:0071:1105.60-1114.19,WadeDavis_2003,71,8.590000000000146,25,0.08,0.08,0.0,False,,0,3,,
WadeDavis_2003:0072:1114.19-1120.21,WadeDavis_2003,72,6.019999999999982,15,0.4,0.4,0.0,False,,0,3,,
WadeDavis_2003:0073:1120.21-1129.72,WadeDavis_2003,73,9.509999999999991,24,0.041666666666666664,0.041666666666666664,0.0,False,,0,3,,
WadeDavis_2003:0074:1129.72-1149.78,WadeDavis_2003,74,20.059999999999945,63,0.20634920634920634,0.20634920634920634,0.0,False,,0,3,,
WadeDavis_2003:0075:1149.78-1156.64,WadeDavis_2003,75,6.860000000000127,20,0.0,0.0,0.0,False,,0,3,,
WadeDavis_2003:0076:1156.64-1165.82,WadeDavis_2003,76,9.179999999999836,32,0.0625,0.0625,0.0,False,,0,3,,
WadeDavis_2003:0077:1165.82-1178.95,WadeDavis_2003,77,13.13000000000011,38,0.23684210526315788,0.23684210526315788,0.0,False,,0,3,,
WadeDavis_2003:0078:1178.95-1189.61,WadeDavis_2003,78,10.659999999999854,42,0.07142857142857142,0.07142857142857142,0.0,False,,0,3,,
WadeDavis_2003:0079:1189.61-1201.16,WadeDavis_2003,79,11.550000000000182,31,0.25806451612903225,0.25806451612903225,0.0,False,,0,3,,
WadeDavis_2003:0080:1201.16-1202.43,WadeDavis_2003,80,1.2699999999999818,1,1.0,0.0,-1.0,True,2.0,3,0,7.333333333333333,0.4583333333333333
WadeDavis_2003:0081:1202.43-1230.88,WadeDavis_2003,81,28.450000000000045,83,0.14457831325301204,0.14457831325301204,0.0,False,,0,6,,
WadeDavis_2003:0082:1230.88-1242.24,WadeDavis_2003,82,11.3599999999999,42,0.09523809523809523,0.09523809523809523,0.0,False,,0,3,,
WadeDavis_2003:0083:1242.24-1252.88,WadeDavis_2003,83,10.6400000000001,35,0.0,0.0,0.0,False,,0,3,,
WadeDavis_2003:0084:1252.88-1262.43,WadeDavis_2003,84,9.549999999999955,26,0.038461538461538464,0.038461538461538464,0.0,False,,0,3,,
WadeDavis_2003:0085:1262.43-1266.54,WadeDavis_2003,85,4.1099999999999,8,1.75,1.75,0.0,False,,0,3,,
WadeDavis_2003:0086:1266.54-1274.80,WadeDavis_2003,86,8.259999999999991,27,0.48148148148148145,0.48148148148148145,0.0,False,,0,3,,
WadeDavis_2003:0087:1274.80-1282.74,WadeDavis_2003,87,7.940000000000055,18,0.16666666666666666,0.16666666666666666,0.0,False,,0,3,,
WadeDavis_2003:0088:1282.74-1296.34,WadeDavis_2003,88,13.599999999999909,45,0.08888888888888889,0.08888888888888889,0.0,False,,0,3,,
WadeDavis_2003:0089:1296.34-1313.09,WadeDavis_2003,89,16.75,51,0.0,0.0,0.0,False,,0,3,,
